,id,sex,age,stature,order,bodyweight,condition,trial,imp_mom_height,ft_height
1,1,m,18,190,shakey_no_shakey,73.3,shakey,1,37.3,36.1
2,1,m,18,190,shakey_no_shakey,73.3,shakey,2,31.6,32
3,1,m,18,190,shakey_no_shakey,73.3,shakey,3,40.3,40.2
4,1,m,18,190,shakey_no_shakey,73.3,shakey,4,38.4,37.5
5,1,m,18,190,shakey_no_shakey,73.3,shakey,5,40.8,40.5
6,1,m,18,190,shakey_no_shakey,73.3,shakey,6,42,42.8
7,1,m,18,190,shakey_no_shakey,73.3,shakey,7,38.7,39.7
8,1,m,18,190,shakey_no_shakey,73.3,shakey,8,40.9,40.1
9,1,m,18,190,shakey_no_shakey,73.3,shakey,9,41.2,41.2
10,1,m,18,190,shakey_no_shakey,73.3,shakey,10,42.1,45.3
11,1,m,18,190,shakey_no_shakey,74.2,noshakey,1,39.6,38.4
12,1,m,18,190,shakey_no_shakey,74.2,noshakey,2,39.4,39.3
13,1,m,18,190,shakey_no_shakey,74.2,noshakey,3,38.6,38
14,1,m,18,190,shakey_no_shakey,74.2,noshakey,4,40.1,40.4
15,1,m,18,190,shakey_no_shakey,74.2,noshakey,5,40.5,40.5
16,1,m,18,190,shakey_no_shakey,74.2,noshakey,6,38.5,40.2
17,1,m,18,190,shakey_no_shakey,74.2,noshakey,7,39.3,37.9
18,1,m,18,190,shakey_no_shakey,74.2,noshakey,8,40.8,41.2
19,1,m,18,190,shakey_no_shakey,74.2,noshakey,9,38.2,38.9
20,1,m,18,190,shakey_no_shakey,74.2,noshakey,10,43.1,40.7
21,2,m,20,177,no_shakey_shakey,80.1,shakey,1,30.6,30.6
22,2,m,20,177,no_shakey_shakey,80.1,shakey,2,31.6,31
23,2,m,20,177,no_shakey_shakey,80.1,shakey,3,33.5,32.9
24,2,m,20,177,no_shakey_shakey,80.1,shakey,4,34.4,34.3
25,2,m,20,177,no_shakey_shakey,80.1,shakey,5,34.1,33.4
26,2,m,20,177,no_shakey_shakey,80.1,shakey,6,34.5,33.7
27,2,m,20,177,no_shakey_shakey,80.1,shakey,7,35.1,35.1
28,2,m,20,177,no_shakey_shakey,80.1,shakey,8,32.7,32.4
29,2,m,20,177,no_shakey_shakey,80.1,shakey,9,36.1,36.4
30,2,m,20,177,no_shakey_shakey,80.1,shakey,10,35.3,34.7
31,2,m,20,177,no_shakey_shakey,80.2,noshakey,1,33.2,32.8
32,2,m,20,177,no_shakey_shakey,80.2,noshakey,2,31.2,32
33,2,m,20,177,no_shakey_shakey,80.2,noshakey,3,33.9,34
34,2,m,20,177,no_shakey_shakey,80.2,noshakey,4,33.2,34.4
35,2,m,20,177,no_shakey_shakey,80.2,noshakey,5,34.2,34.8
36,2,m,20,177,no_shakey_shakey,80.2,noshakey,6,32.1,32.5
37,2,m,20,177,no_shakey_shakey,80.2,noshakey,7,32.9,35.2
38,2,m,20,177,no_shakey_shakey,80.2,noshakey,8,35.4,35
39,2,m,20,177,no_shakey_shakey,80.2,noshakey,9,33.9,34.6
40,2,m,20,177,no_shakey_shakey,80.2,noshakey,10,33.7,34.2
41,3,f,19,169,shakey_no_shakey,67.2,shakey,1,14.5,19.2
42,3,f,19,169,shakey_no_shakey,67.2,shakey,2,14.5,18.6
43,3,f,19,169,shakey_no_shakey,67.2,shakey,3,12.9,18
44,3,f,19,169,shakey_no_shakey,67.2,shakey,4,16.3,18.4
45,3,f,19,169,shakey_no_shakey,67.2,shakey,5,16.1,21.3
46,3,f,19,169,shakey_no_shakey,67.2,shakey,6,15.3,17.7
47,3,f,19,169,shakey_no_shakey,67.2,shakey,7,16.1,21
48,3,f,19,169,shakey_no_shakey,67.2,shakey,8,15.9,21.4
49,3,f,19,169,shakey_no_shakey,67.2,shakey,9,16.1,22.1
50,3,f,19,169,shakey_no_shakey,67.2,shakey,10,15.8,19.74444444
51,3,f,19,169,shakey_no_shakey,65.5,noshakey,1,16.4,18.8
52,3,f,19,169,shakey_no_shakey,65.5,noshakey,2,15.2,17.9
53,3,f,19,169,shakey_no_shakey,65.5,noshakey,3,14.5,16.3
54,3,f,19,169,shakey_no_shakey,65.5,noshakey,4,15.9,18.2
55,3,f,19,169,shakey_no_shakey,65.5,noshakey,5,15.7,16.5
56,3,f,19,169,shakey_no_shakey,65.5,noshakey,6,15.4,17.3
57,3,f,19,169,shakey_no_shakey,65.5,noshakey,7,12.7,13.9
58,3,f,19,169,shakey_no_shakey,65.5,noshakey,8,14,15.5
59,3,f,19,169,shakey_no_shakey,65.5,noshakey,9,15.2,16.3
60,3,f,19,169,shakey_no_shakey,65.5,noshakey,10,15.8,20
61,4,m,18,176,no_shakey_shakey,67.1,shakey,1,33.9,34.6
62,4,m,18,176,no_shakey_shakey,67.1,shakey,2,39.4,37.2
63,4,m,18,176,no_shakey_shakey,67.1,shakey,3,33.4,36.5
64,4,m,18,176,no_shakey_shakey,67.1,shakey,4,37.4,37.6
65,4,m,18,176,no_shakey_shakey,67.1,shakey,5,38.7,39.7
66,4,m,18,176,no_shakey_shakey,67.1,shakey,6,39.1,37.8
67,4,m,18,176,no_shakey_shakey,67.1,shakey,7,36.5,33.9
68,4,m,18,176,no_shakey_shakey,67.1,shakey,8,35.7,37.5
69,4,m,18,176,no_shakey_shakey,67.1,shakey,9,34.8,32.9
70,4,m,18,176,no_shakey_shakey,67.1,shakey,10,38.3,38.9
71,4,m,18,176,no_shakey_shakey,66,noshakey,1,33.8,32.8
72,4,m,18,176,no_shakey_shakey,66,noshakey,2,35.1,33.5
73,4,m,18,176,no_shakey_shakey,66,noshakey,3,33,31.9
74,4,m,18,176,no_shakey_shakey,66,noshakey,4,34.7,32.1
75,4,m,18,176,no_shakey_shakey,66,noshakey,5,35.6,34.7
76,4,m,18,176,no_shakey_shakey,66,noshakey,6,34.2,34.7
77,4,m,18,176,no_shakey_shakey,66,noshakey,7,32.7,32.4
78,4,m,18,176,no_shakey_shakey,66,noshakey,8,33.7,33
79,4,m,18,176,no_shakey_shakey,66,noshakey,9,35,36.3
80,4,m,18,176,no_shakey_shakey,66,noshakey,10,39.6,39.3
81,5,m,18,180.5,no_shakey_shakey,77.8,shakey,1,31.3,31.9
82,5,m,18,180.5,no_shakey_shakey,77.8,shakey,2,33,33.8
83,5,m,18,180.5,no_shakey_shakey,77.8,shakey,3,33.8,34.2
84,5,m,18,180.5,no_shakey_shakey,77.8,shakey,4,34.2,34.6
85,5,m,18,180.5,no_shakey_shakey,77.8,shakey,5,32.7,32.9
86,5,m,18,180.5,no_shakey_shakey,77.8,shakey,6,33.7,34.7
87,5,m,18,180.5,no_shakey_shakey,77.8,shakey,7,32.7,33.7
88,5,m,18,180.5,no_shakey_shakey,77.8,shakey,8,33.4,35
89,5,m,18,180.5,no_shakey_shakey,77.8,shakey,9,32.7,33.8
90,5,m,18,180.5,no_shakey_shakey,77.8,shakey,10,35.5,36.3
91,5,m,18,180.5,no_shakey_shakey,77.21,noshakey,1,31.8,32.8
92,5,m,18,180.5,no_shakey_shakey,77.21,noshakey,2,31.4,32.4
93,5,m,18,180.5,no_shakey_shakey,77.21,noshakey,3,34.2,36
94,5,m,18,180.5,no_shakey_shakey,77.21,noshakey,4,31.5,32.9
95,5,m,18,180.5,no_shakey_shakey,77.21,noshakey,5,33.2,34.6
96,5,m,18,180.5,no_shakey_shakey,77.21,noshakey,6,31.5,34.2
97,5,m,18,180.5,no_shakey_shakey,77.21,noshakey,7,34,35.5
98,5,m,18,180.5,no_shakey_shakey,77.21,noshakey,8,33.4,35.2
99,5,m,18,180.5,no_shakey_shakey,77.21,noshakey,9,33,35.2
100,5,m,18,180.5,no_shakey_shakey,77.21,noshakey,10,33.8,36.4
101,6,f,18,166,shakey_no_shakey,52,shakey,1,19.1,19
102,6,f,18,166,shakey_no_shakey,52,shakey,2,18,18.2
103,6,f,18,166,shakey_no_shakey,52,shakey,3,16.9,17.2
104,6,f,18,166,shakey_no_shakey,52,shakey,4,16.9,17.4
105,6,f,18,166,shakey_no_shakey,52,shakey,5,17.1,18.1
106,6,f,18,166,shakey_no_shakey,52,shakey,6,17,17.1
107,6,f,18,166,shakey_no_shakey,52,shakey,7,17.8,17.9
108,6,f,18,166,shakey_no_shakey,52,shakey,8,16.9,17.3
109,6,f,18,166,shakey_no_shakey,52,shakey,9,14.4,14.5
110,6,f,18,166,shakey_no_shakey,52,shakey,10,14.4,14.8
111,6,f,18,166,shakey_no_shakey,52.6,noshakey,1,13.7,13.5
112,6,f,18,166,shakey_no_shakey,52.6,noshakey,2,12.9,13.3
113,6,f,18,166,shakey_no_shakey,52.6,noshakey,3,15.1,14.8
114,6,f,18,166,shakey_no_shakey,52.6,noshakey,4,14.5,13.8
115,6,f,18,166,shakey_no_shakey,52.6,noshakey,5,13.8,13.8
116,6,f,18,166,shakey_no_shakey,52.6,noshakey,6,13.3,13.6
117,6,f,18,166,shakey_no_shakey,52.6,noshakey,7,16.1,14.8
118,6,f,18,166,shakey_no_shakey,52.6,noshakey,8,12.4,12.3
119,6,f,18,166,shakey_no_shakey,52.6,noshakey,9,11.5,11.2
120,6,f,18,166,shakey_no_shakey,52.6,noshakey,10,11.7,12
121,7,f,47,163.3,shakey_no_shakey,74.5,shakey,1,16.6,15.9
122,7,f,47,163.3,shakey_no_shakey,74.5,shakey,2,17.5,17.1
123,7,f,47,163.3,shakey_no_shakey,74.5,shakey,3,18.2,17.4
124,7,f,47,163.3,shakey_no_shakey,74.5,shakey,4,17.3,17.2
125,7,f,47,163.3,shakey_no_shakey,74.5,shakey,5,16,15.7
126,7,f,47,163.3,shakey_no_shakey,74.5,shakey,6,16.5,16.3
127,7,f,47,163.3,shakey_no_shakey,74.5,shakey,7,16.4,15.8
128,7,f,47,163.3,shakey_no_shakey,74.5,shakey,8,17.4,17.2
129,7,f,47,163.3,shakey_no_shakey,74.5,shakey,9,16.7,17
130,7,f,47,163.3,shakey_no_shakey,74.5,shakey,10,17.6,16.9
131,7,f,47,163.3,shakey_no_shakey,75.1,noshakey,1,14.3,14
132,7,f,47,163.3,shakey_no_shakey,75.1,noshakey,2,15.6,15.4
133,7,f,47,163.3,shakey_no_shakey,75.1,noshakey,3,14.4,14.2
134,7,f,47,163.3,shakey_no_shakey,75.1,noshakey,4,14.7,14.3
135,7,f,47,163.3,shakey_no_shakey,75.1,noshakey,5,16.1,15.6
136,7,f,47,163.3,shakey_no_shakey,75.1,noshakey,6,14.9,14.5
137,7,f,47,163.3,shakey_no_shakey,75.1,noshakey,7,15.2,15.5
138,7,f,47,163.3,shakey_no_shakey,75.1,noshakey,8,16.2,16
139,7,f,47,163.3,shakey_no_shakey,75.1,noshakey,9,14.9,14.4
140,7,f,47,163.3,shakey_no_shakey,75.1,noshakey,10,16,15.8
141,8,m,35,184,no_shakey_no shakey,74.5,shakey,1,32.1,32.5
142,8,m,35,184,no_shakey_no shakey,74.5,shakey,2,33.1,33.8
143,8,m,35,184,no_shakey_no shakey,74.5,shakey,3,31.9,32.8
144,8,m,35,184,no_shakey_no shakey,74.5,shakey,4,33.3,34.2
145,8,m,35,184,no_shakey_no shakey,74.5,shakey,5,33.7,34.3
146,8,m,35,184,no_shakey_no shakey,74.5,shakey,6,33.3,33.4
147,8,m,35,184,no_shakey_no shakey,74.5,shakey,7,34.6,34.6
148,8,m,35,184,no_shakey_no shakey,74.5,shakey,8,33.3,33.8
149,8,m,35,184,no_shakey_no shakey,74.5,shakey,9,33.2,34.2
150,8,m,35,184,no_shakey_no shakey,74.5,shakey,10,33.8,34.8
151,8,m,35,184,no_shakey_no shakey,74.1,noshakey,1,30.2,31.5
152,8,m,35,184,no_shakey_no shakey,74.1,noshakey,2,30.2,30.8
153,8,m,35,184,no_shakey_no shakey,74.1,noshakey,3,30.9,31.6
154,8,m,35,184,no_shakey_no shakey,74.1,noshakey,4,30.3,31.3
155,8,m,35,184,no_shakey_no shakey,74.1,noshakey,5,30.9,32.1
156,8,m,35,184,no_shakey_no shakey,74.1,noshakey,6,31.4,31.8
157,8,m,35,184,no_shakey_no shakey,74.1,noshakey,7,30.8,31.4
158,8,m,35,184,no_shakey_no shakey,74.1,noshakey,8,31.3,31.4
159,8,m,35,184,no_shakey_no shakey,74.1,noshakey,9,31.1,31.5
160,8,m,35,184,no_shakey_no shakey,74.1,noshakey,10,32.7,33.1
161,9,m,19,171,shakey_no_shakey,58.9,shakey,1,27.2,26.7
162,9,m,19,171,shakey_no_shakey,58.9,shakey,2,28.6,29
163,9,m,19,171,shakey_no_shakey,58.9,shakey,3,27.1,27.2
164,9,m,19,171,shakey_no_shakey,58.9,shakey,4,26.9,28.6
165,9,m,19,171,shakey_no_shakey,58.9,shakey,5,28.2,28.5
166,9,m,19,171,shakey_no_shakey,58.9,shakey,6,31.6,31.3
167,9,m,19,171,shakey_no_shakey,58.9,shakey,7,31,30.3
168,9,m,19,171,shakey_no_shakey,58.9,shakey,8,30.1,30.4
169,9,m,19,171,shakey_no_shakey,58.9,shakey,9,27.2,28
170,9,m,19,171,shakey_no_shakey,58.9,shakey,10,30.8,31
171,9,m,19,171,shakey_no_shakey,61,noshakey,1,24.7,24.1
172,9,m,19,171,shakey_no_shakey,61,noshakey,2,24.5,26.4
173,9,m,19,171,shakey_no_shakey,61,noshakey,3,25.7,26.3
174,9,m,19,171,shakey_no_shakey,61,noshakey,4,25.8,26.6
175,9,m,19,171,shakey_no_shakey,61,noshakey,5,24.5,25.2
176,9,m,19,171,shakey_no_shakey,61,noshakey,6,25.9,27.3
177,9,m,19,171,shakey_no_shakey,61,noshakey,7,24.9,26.7
178,9,m,19,171,shakey_no_shakey,61,noshakey,8,25.2,26.5
179,9,m,19,171,shakey_no_shakey,61,noshakey,9,24.8,24.5
180,9,m,19,171,shakey_no_shakey,61,noshakey,10,24.6,24.8
181,10,m,19,185.5,no_shakey_shakey,86.6,shakey,1,34.7,36.1
182,10,m,19,185.5,no_shakey_shakey,86.6,shakey,2,37.1,38.6
183,10,m,19,185.5,no_shakey_shakey,86.6,shakey,3,37.2,38.6
184,10,m,19,185.5,no_shakey_shakey,86.6,shakey,4,37.1,39.3
185,10,m,19,185.5,no_shakey_shakey,86.6,shakey,5,37.2,39.5
186,10,m,19,185.5,no_shakey_shakey,86.6,shakey,6,36.5,37.5
187,10,m,19,185.5,no_shakey_shakey,86.6,shakey,7,36.3,38.3
188,10,m,19,185.5,no_shakey_shakey,86.6,shakey,8,36.6,38.3
189,10,m,19,185.5,no_shakey_shakey,86.6,shakey,9,38.2,40.2
190,10,m,19,185.5,no_shakey_shakey,86.6,shakey,10,37.8,41.1
191,10,m,19,185.5,no_shakey_shakey,86,noshakey,1,37.3,39.1
192,10,m,19,185.5,no_shakey_shakey,86,noshakey,2,38.4,41.5
193,10,m,19,185.5,no_shakey_shakey,86,noshakey,3,38.4,40.1
194,10,m,19,185.5,no_shakey_shakey,86,noshakey,4,38.2,41.2
195,10,m,19,185.5,no_shakey_shakey,86,noshakey,5,37.2,40.4
196,10,m,19,185.5,no_shakey_shakey,86,noshakey,6,37.4,39.1
197,10,m,19,185.5,no_shakey_shakey,86,noshakey,7,39.2,42.2
198,10,m,19,185.5,no_shakey_shakey,86,noshakey,8,38.4,41.4
199,10,m,19,185.5,no_shakey_shakey,86,noshakey,9,40.1,43.5
200,10,m,19,185.5,no_shakey_shakey,86,noshakey,10,39.6,42
201,11,f,19,169,no_shakey_shakey,63,shakey,1,17.7,18.5
202,11,f,19,169,no_shakey_shakey,63,shakey,2,18.6,20.5
203,11,f,19,169,no_shakey_shakey,63,shakey,3,19.2,20.3
204,11,f,19,169,no_shakey_shakey,63,shakey,4,20.6,21
205,11,f,19,169,no_shakey_shakey,63,shakey,5,19.4,20.6
206,11,f,19,169,no_shakey_shakey,63,shakey,6,19.7,19.9
207,11,f,19,169,no_shakey_shakey,63,shakey,7,20,21.6
208,11,f,19,169,no_shakey_shakey,63,shakey,8,20.6,21.8
209,11,f,19,169,no_shakey_shakey,63,shakey,9,19.6,21.1
210,11,f,19,169,no_shakey_shakey,63,shakey,10,20.4,20.8
211,11,f,19,169,no_shakey_shakey,63.8,noshakey,1,19,20.3
212,11,f,19,169,no_shakey_shakey,63.8,noshakey,2,18.1,20.6
213,11,f,19,169,no_shakey_shakey,63.8,noshakey,3,17.7,19.3
214,11,f,19,169,no_shakey_shakey,63.8,noshakey,4,17.5,20
215,11,f,19,169,no_shakey_shakey,63.8,noshakey,5,18.7,19.3
216,11,f,19,169,no_shakey_shakey,63.8,noshakey,6,18,19.9
217,11,f,19,169,no_shakey_shakey,63.8,noshakey,7,17.3,19.7
218,11,f,19,169,no_shakey_shakey,63.8,noshakey,8,19,20.6
219,11,f,19,169,no_shakey_shakey,63.8,noshakey,9,18.8,20.7
220,11,f,19,169,no_shakey_shakey,63.8,noshakey,10,18.4,20.7
221,12,f,20,172.7,shakey_no_shakey,62.4,shakey,1,13.7,13.9
222,12,f,20,172.7,shakey_no_shakey,62.4,shakey,2,17.2,16.6
223,12,f,20,172.7,shakey_no_shakey,62.4,shakey,3,15.6,16
224,12,f,20,172.7,shakey_no_shakey,62.4,shakey,4,17.1,16.6
225,12,f,20,172.7,shakey_no_shakey,62.4,shakey,5,17.7,16.1
226,12,f,20,172.7,shakey_no_shakey,62.4,shakey,6,16.4,17.1
227,12,f,20,172.7,shakey_no_shakey,62.4,shakey,7,16.7,17
228,12,f,20,172.7,shakey_no_shakey,62.4,shakey,8,17.2,18
229,12,f,20,172.7,shakey_no_shakey,62.4,shakey,9,19.5,18.7
230,12,f,20,172.7,shakey_no_shakey,62.4,shakey,10,16.6,17.8
231,12,f,20,172.7,shakey_no_shakey,63.2,noshakey,1,12.5,12.4
232,12,f,20,172.7,shakey_no_shakey,63.2,noshakey,2,13.5,13.3
233,12,f,20,172.7,shakey_no_shakey,63.2,noshakey,3,11.5,11.4
234,12,f,20,172.7,shakey_no_shakey,63.2,noshakey,4,11.4,11.2
235,12,f,20,172.7,shakey_no_shakey,63.2,noshakey,5,12.4,12.2
236,12,f,20,172.7,shakey_no_shakey,63.2,noshakey,6,12.4,12
237,12,f,20,172.7,shakey_no_shakey,63.2,noshakey,7,11.1,10.8
238,12,f,20,172.7,shakey_no_shakey,63.2,noshakey,8,10.9,10.5
239,12,f,20,172.7,shakey_no_shakey,63.2,noshakey,9,12.6,12
240,12,f,20,172.7,shakey_no_shakey,63.2,noshakey,10,8.5,8.6
241,13,m,18,184.6,no_shakey_shakey,70.2,shakey,1,32.6,32.9
242,13,m,18,184.6,no_shakey_shakey,70.2,shakey,2,28.4,28.7
243,13,m,18,184.6,no_shakey_shakey,70.2,shakey,3,30.8,31.4
244,13,m,18,184.6,no_shakey_shakey,70.2,shakey,4,32.3,32.1
245,13,m,18,184.6,no_shakey_shakey,70.2,shakey,5,29.3,29.7
246,13,m,18,184.6,no_shakey_shakey,70.2,shakey,6,27.9,28.5
247,13,m,18,184.6,no_shakey_shakey,70.2,shakey,7,28.7,29.6
248,13,m,18,184.6,no_shakey_shakey,70.2,shakey,8,30.6,31.6
249,13,m,18,184.6,no_shakey_shakey,70.2,shakey,9,27.8,27.1
250,13,m,18,184.6,no_shakey_shakey,70.2,shakey,10,29.3,27.3
251,13,m,18,184.6,no_shakey_shakey,63.64,noshakey,1,31.3,29.2
252,13,m,18,184.6,no_shakey_shakey,63.64,noshakey,2,28.6,28.5
253,13,m,18,184.6,no_shakey_shakey,63.64,noshakey,3,31.4,30.3
254,13,m,18,184.6,no_shakey_shakey,63.64,noshakey,4,30.9,29.7
255,13,m,18,184.6,no_shakey_shakey,63.64,noshakey,5,29.7,27.8
256,13,m,18,184.6,no_shakey_shakey,63.64,noshakey,6,31.4,29.3
257,13,m,18,184.6,no_shakey_shakey,63.64,noshakey,7,29.9,27.7
258,13,m,18,184.6,no_shakey_shakey,63.64,noshakey,8,33,31.5
259,13,m,18,184.6,no_shakey_shakey,63.64,noshakey,9,30.6,29.7
260,13,m,18,184.6,no_shakey_shakey,63.64,noshakey,10,30.8,29.4
261,14,m,19,177,no_shakey_shakey,60.2,shakey,1,23.8,23.3
262,14,m,19,177,no_shakey_shakey,60.2,shakey,2,24.6,23.1
263,14,m,19,177,no_shakey_shakey,60.2,shakey,3,27.8,27.3
264,14,m,19,177,no_shakey_shakey,60.2,shakey,4,30.6,28.1
265,14,m,19,177,no_shakey_shakey,60.2,shakey,5,26.8,27
266,14,m,19,177,no_shakey_shakey,60.2,shakey,6,30.7,29.2
267,14,m,19,177,no_shakey_shakey,60.2,shakey,7,29.8,28.7
268,14,m,19,177,no_shakey_shakey,60.2,shakey,8,30,29.1
269,14,m,19,177,no_shakey_shakey,60.2,shakey,9,29.1,28.2
270,14,m,19,177,no_shakey_shakey,60.2,shakey,10,33.8,33.4
271,14,m,19,177,no_shakey_shakey,59.5,noshakey,1,30.4,30.8
272,14,m,19,177,no_shakey_shakey,59.5,noshakey,2,30.2,31
273,14,m,19,177,no_shakey_shakey,59.5,noshakey,3,30,29.4
274,14,m,19,177,no_shakey_shakey,59.5,noshakey,4,29.8,28.6
275,14,m,19,177,no_shakey_shakey,59.5,noshakey,5,29.6,28.5
276,14,m,19,177,no_shakey_shakey,59.5,noshakey,6,32.9,31.9
277,14,m,19,177,no_shakey_shakey,59.5,noshakey,7,30.9,31.5
278,14,m,19,177,no_shakey_shakey,59.5,noshakey,8,34.3,33.8
279,14,m,19,177,no_shakey_shakey,59.5,noshakey,9,30.3,30.2
280,14,m,19,177,no_shakey_shakey,59.5,noshakey,10,30.1,29.4
281,15,m,19,186.5,no_shakey_shakey,85.6,shakey,1,29.2,28.7
282,15,m,19,186.5,no_shakey_shakey,85.6,shakey,2,28.5,27.9
283,15,m,19,186.5,no_shakey_shakey,85.6,shakey,3,30.9,30.5
284,15,m,19,186.5,no_shakey_shakey,85.6,shakey,4,32.4,31.8
285,15,m,19,186.5,no_shakey_shakey,85.6,shakey,5,32.5,31.3
286,15,m,19,186.5,no_shakey_shakey,85.6,shakey,6,32,30.8
287,15,m,19,186.5,no_shakey_shakey,85.6,shakey,7,34.1,33.4
288,15,m,19,186.5,no_shakey_shakey,85.6,shakey,8,31.6,30.3
289,15,m,19,186.5,no_shakey_shakey,85.6,shakey,9,34.4,32.9
290,15,m,19,186.5,no_shakey_shakey,85.6,shakey,10,35,33.4
291,15,m,19,186.5,no_shakey_shakey,84.5,noshakey,1,28,28.2
292,15,m,19,186.5,no_shakey_shakey,84.5,noshakey,2,28.3,27.3
293,15,m,19,186.5,no_shakey_shakey,84.5,noshakey,3,28,27.7
294,15,m,19,186.5,no_shakey_shakey,84.5,noshakey,4,27.8,26.7
295,15,m,19,186.5,no_shakey_shakey,84.5,noshakey,5,28.2,26.2
296,15,m,19,186.5,no_shakey_shakey,84.5,noshakey,6,29,27
297,15,m,19,186.5,no_shakey_shakey,84.5,noshakey,7,23.9,23.5
298,15,m,19,186.5,no_shakey_shakey,84.5,noshakey,8,28.2,27.3
299,15,m,19,186.5,no_shakey_shakey,84.5,noshakey,9,32,29.9
300,15,m,19,186.5,no_shakey_shakey,84.5,noshakey,10,30.6,30.4
301,16,f,19,166.5,no_shakey_shakey,66,shakey,1,20.4,18.7
302,16,f,19,166.5,no_shakey_shakey,66,shakey,2,19.1,18.7
303,16,f,19,166.5,no_shakey_shakey,66,shakey,3,17.5,18.7
304,16,f,19,166.5,no_shakey_shakey,66,shakey,4,18.7,18.7
305,16,f,19,166.5,no_shakey_shakey,66,shakey,5,19.2,19.1
306,16,f,19,166.5,no_shakey_shakey,66,shakey,6,19.5,19
307,16,f,19,166.5,no_shakey_shakey,66,shakey,7,17.7,17.1
308,16,f,19,166.5,no_shakey_shakey,66,shakey,8,19,18.7
309,16,f,19,166.5,no_shakey_shakey,66,shakey,9,17.8,18.4
310,16,f,19,166.5,no_shakey_shakey,66,shakey,10,18,18.6
311,16,f,19,166.5,no_shakey_shakey,66.8,noshakey,1,15.7,16.1
312,16,f,19,166.5,no_shakey_shakey,66.8,noshakey,2,15.7,15.3
313,16,f,19,166.5,no_shakey_shakey,66.8,noshakey,3,17.2,16.6
314,16,f,19,166.5,no_shakey_shakey,66.8,noshakey,4,17.3,16.8
315,16,f,19,166.5,no_shakey_shakey,66.8,noshakey,5,16.6,16.2
316,16,f,19,166.5,no_shakey_shakey,66.8,noshakey,6,18.2,17.3
317,16,f,19,166.5,no_shakey_shakey,66.8,noshakey,7,17.1,15.9
318,16,f,19,166.5,no_shakey_shakey,66.8,noshakey,8,17,14.6
319,16,f,19,166.5,no_shakey_shakey,66.8,noshakey,9,15,12.6
320,16,f,19,166.5,no_shakey_shakey,66.8,noshakey,10,15.9,14.9
321,17,m,18,183.5,no_shakey_shakey,87.4,shakey,1,29.7,29.1
322,17,m,18,183.5,no_shakey_shakey,87.4,shakey,2,30.9,30.8
323,17,m,18,183.5,no_shakey_shakey,87.4,shakey,3,30.1,30
324,17,m,18,183.5,no_shakey_shakey,87.4,shakey,4,31.8,31.9
325,17,m,18,183.5,no_shakey_shakey,87.4,shakey,5,30.1,30.2
326,17,m,18,183.5,no_shakey_shakey,87.4,shakey,6,30.7,30.6
327,17,m,18,183.5,no_shakey_shakey,87.4,shakey,7,29.4,29.9
328,17,m,18,183.5,no_shakey_shakey,87.4,shakey,8,30.3,29.7
329,17,m,18,183.5,no_shakey_shakey,87.4,shakey,9,30.8,31.5
330,17,m,18,183.5,no_shakey_shakey,87.4,shakey,10,32.7,32.9
331,17,m,18,183.5,no_shakey_shakey,87.9,noshakey,1,48.7,29.4
332,17,m,18,183.5,no_shakey_shakey,87.9,noshakey,2,28.8,28.1
333,17,m,18,183.5,no_shakey_shakey,87.9,noshakey,3,27.5,28
334,17,m,18,183.5,no_shakey_shakey,87.9,noshakey,4,30.1,29.7
335,17,m,18,183.5,no_shakey_shakey,87.9,noshakey,5,30.4,30.5
336,17,m,18,183.5,no_shakey_shakey,87.9,noshakey,6,29.2,29.2
337,17,m,18,183.5,no_shakey_shakey,87.9,noshakey,7,28.8,28.1
338,17,m,18,183.5,no_shakey_shakey,87.9,noshakey,8,27.7,27.8
339,17,m,18,183.5,no_shakey_shakey,87.9,noshakey,9,28.1,29.6
340,17,m,18,183.5,no_shakey_shakey,87.9,noshakey,10,29.2,29.3
341,18,m,22,185,no_shakey_shakey,62.9,shakey,1,39.4,26.1
342,18,m,22,185,no_shakey_shakey,62.9,shakey,2,33.5,23.6
343,18,m,22,185,no_shakey_shakey,62.9,shakey,3,34.5,23.7
344,18,m,22,185,no_shakey_shakey,62.9,shakey,4,39.2,27.2
345,18,m,22,185,no_shakey_shakey,62.9,shakey,5,30,22.5
346,18,m,22,185,no_shakey_shakey,62.9,shakey,6,39.5,25.3
347,18,m,22,185,no_shakey_shakey,62.9,shakey,7,34.1,22.8
348,18,m,22,185,no_shakey_shakey,62.9,shakey,8,31.2,21.6
349,18,m,22,185,no_shakey_shakey,62.9,shakey,9,35.6,24.1
350,18,m,22,185,no_shakey_shakey,62.9,shakey,10,34.6,23.9
351,18,m,22,185,no_shakey_shakey,76.2,noshakey,1,27.6,27.8
352,18,m,22,185,no_shakey_shakey,76.2,noshakey,2,21.9,23.1
353,18,m,22,185,no_shakey_shakey,76.2,noshakey,3,28.2,28.1
354,18,m,22,185,no_shakey_shakey,76.2,noshakey,4,24.9,25.2
355,18,m,22,185,no_shakey_shakey,76.2,noshakey,5,25.4,25.4
356,18,m,22,185,no_shakey_shakey,76.2,noshakey,6,26.5,26.1
357,18,m,22,185,no_shakey_shakey,76.2,noshakey,7,25.9,27.5
358,18,m,22,185,no_shakey_shakey,76.2,noshakey,8,33.1,33.9
359,18,m,22,185,no_shakey_shakey,76.2,noshakey,9,26.2,27.3
360,18,m,22,185,no_shakey_shakey,76.2,noshakey,10,23.4,24.6
361,19,m,19,184,no_shakey_shakey,78.6,shakey,1,29.2,28.7
362,19,m,19,184,no_shakey_shakey,78.6,shakey,2,29.8,31.4
363,19,m,19,184,no_shakey_shakey,78.6,shakey,3,28.7,30.2
364,19,m,19,184,no_shakey_shakey,78.6,shakey,4,30.1,32
365,19,m,19,184,no_shakey_shakey,78.6,shakey,5,29.8,32
366,19,m,19,184,no_shakey_shakey,78.6,shakey,6,33.1,33.7
367,19,m,19,184,no_shakey_shakey,78.6,shakey,7,32.7,35.3
368,19,m,19,184,no_shakey_shakey,78.6,shakey,8,30.4,32.5
369,19,m,19,184,no_shakey_shakey,78.6,shakey,9,34.3,35.5
370,19,m,19,184,no_shakey_shakey,78.6,shakey,10,31,34.7
371,19,m,19,184,no_shakey_shakey,78.1,noshakey,1,33.2,33.5
372,19,m,19,184,no_shakey_shakey,78.1,noshakey,2,30,30.5
373,19,m,19,184,no_shakey_shakey,78.1,noshakey,3,33.7,33.5
374,19,m,19,184,no_shakey_shakey,78.1,noshakey,4,32.6,33.9
375,19,m,19,184,no_shakey_shakey,78.1,noshakey,5,32.5,32.1
376,19,m,19,184,no_shakey_shakey,78.1,noshakey,6,31.5,32.4
377,19,m,19,184,no_shakey_shakey,78.1,noshakey,7,31.4,31.6
378,19,m,19,184,no_shakey_shakey,78.1,noshakey,8,29.9,30.2
379,19,m,19,184,no_shakey_shakey,78.1,noshakey,9,29,31.3
380,19,m,19,184,no_shakey_shakey,78.1,noshakey,10,31.3,32.6
381,20,m,19,183.5,no_shakey_shakey,93.93,shakey,1,26.3,28.5
382,20,m,19,183.5,no_shakey_shakey,93.93,shakey,2,27.4,30.9
383,20,m,19,183.5,no_shakey_shakey,93.93,shakey,3,28.9,30.6
384,20,m,19,183.5,no_shakey_shakey,93.93,shakey,4,29.3,32.8
385,20,m,19,183.5,no_shakey_shakey,93.93,shakey,5,27.7,27.7
386,20,m,19,183.5,no_shakey_shakey,93.93,shakey,6,27.7,30
387,20,m,19,183.5,no_shakey_shakey,93.93,shakey,7,29.3,33.4
388,20,m,19,183.5,no_shakey_shakey,93.93,shakey,8,29,33.5
389,20,m,19,183.5,no_shakey_shakey,93.93,shakey,9,29,31.6
390,20,m,19,183.5,no_shakey_shakey,93.93,shakey,10,29.3,32.8
391,20,m,19,183.5,no_shakey_shakey,93.5,noshakey,1,30.9,36.9
392,20,m,19,183.5,no_shakey_shakey,93.5,noshakey,2,30,35.1
393,20,m,19,183.5,no_shakey_shakey,93.5,noshakey,3,31.7,36.9
394,20,m,19,183.5,no_shakey_shakey,93.5,noshakey,4,31,35.1
395,20,m,19,183.5,no_shakey_shakey,93.5,noshakey,5,32,37.6
396,20,m,19,183.5,no_shakey_shakey,93.5,noshakey,6,30.1,37.6
397,20,m,19,183.5,no_shakey_shakey,93.5,noshakey,7,30.7,35.9
398,20,m,19,183.5,no_shakey_shakey,93.5,noshakey,8,28.8,36.5
399,20,m,19,183.5,no_shakey_shakey,93.5,noshakey,9,31.3,37.9
400,20,m,19,183.5,no_shakey_shakey,93.5,noshakey,10,29.7,34.8
401,21,m,19,187,no_shakey_shakey,121.8,shakey,1,19.2,19.3
402,21,m,19,187,no_shakey_shakey,121.8,shakey,2,19.2,19.1
403,21,m,19,187,no_shakey_shakey,121.8,shakey,3,16.9,16.6
404,21,m,19,187,no_shakey_shakey,121.8,shakey,4,25.8,18.5
405,21,m,19,187,no_shakey_shakey,121.8,shakey,5,19.7,18.5
406,21,m,19,187,no_shakey_shakey,121.8,shakey,6,18.4,17.6
407,21,m,19,187,no_shakey_shakey,121.8,shakey,7,18.5,17.9
408,21,m,19,187,no_shakey_shakey,121.8,shakey,8,18.7,18.6
409,21,m,19,187,no_shakey_shakey,121.8,shakey,9,21.7,19.6
410,21,m,19,187,no_shakey_shakey,121.8,shakey,10,20.5,20.1
411,21,m,19,187,no_shakey_shakey,122,noshakey,1,20.1,19.5
412,21,m,19,187,no_shakey_shakey,122,noshakey,2,18.6,18.3
413,21,m,19,187,no_shakey_shakey,122,noshakey,3,18.5,17.6
414,21,m,19,187,no_shakey_shakey,122,noshakey,4,19.7,19.6
415,21,m,19,187,no_shakey_shakey,122,noshakey,5,20.6,19.5
416,21,m,19,187,no_shakey_shakey,122,noshakey,6,18.3,17.8
417,21,m,19,187,no_shakey_shakey,122,noshakey,7,18.4,17.8
418,21,m,19,187,no_shakey_shakey,122,noshakey,8,20,19.1
419,21,m,19,187,no_shakey_shakey,122,noshakey,9,19.6,18.5
420,21,m,19,187,no_shakey_shakey,122,noshakey,10,19.3,19.1
421,22,m,34,177,shakey_no_shakey,73.5,shakey,1,36.3,35.3
422,22,m,34,177,shakey_no_shakey,73.5,shakey,2,37.1,36.7
423,22,m,34,177,shakey_no_shakey,73.5,shakey,3,38,39.1
424,22,m,34,177,shakey_no_shakey,73.5,shakey,4,40.2,39.7
425,22,m,34,177,shakey_no_shakey,73.5,shakey,5,40.5,40.4
426,22,m,34,177,shakey_no_shakey,73.5,shakey,6,38.5,38.7
427,22,m,34,177,shakey_no_shakey,73.5,shakey,7,38.7,39
428,22,m,34,177,shakey_no_shakey,73.5,shakey,8,38.7,40
429,22,m,34,177,shakey_no_shakey,73.5,shakey,9,39,37.1
430,22,m,34,177,shakey_no_shakey,73.5,shakey,10,39.6,38.7
431,22,m,34,177,shakey_no_shakey,75.1,noshakey,1,40.8,40.7
432,22,m,34,177,shakey_no_shakey,75.1,noshakey,2,37.3,37.6
433,22,m,34,177,shakey_no_shakey,75.1,noshakey,3,37.7,38.3
434,22,m,34,177,shakey_no_shakey,75.1,noshakey,4,35.2,38.3
435,22,m,34,177,shakey_no_shakey,75.1,noshakey,5,38.6,38.4
436,22,m,34,177,shakey_no_shakey,75.1,noshakey,6,40.4,40.1
437,22,m,34,177,shakey_no_shakey,75.1,noshakey,7,38.6,39.5
438,22,m,34,177,shakey_no_shakey,75.1,noshakey,8,42.1,41.1
439,22,m,34,177,shakey_no_shakey,75.1,noshakey,9,39.6,39.1
440,22,m,34,177,shakey_no_shakey,75.1,noshakey,10,39.6,39.5
441,23,m,41,194,no_shakey_no shakey,109.4,shakey,1,25.3,25.6
442,23,m,41,194,no_shakey_no shakey,109.4,shakey,2,26.6,27.4
443,23,m,41,194,no_shakey_no shakey,109.4,shakey,3,27.2,27.8
444,23,m,41,194,no_shakey_no shakey,109.4,shakey,4,26.2,27.3
445,23,m,41,194,no_shakey_no shakey,109.4,shakey,5,25.5,27.1
446,23,m,41,194,no_shakey_no shakey,109.4,shakey,6,26.2,26.3
447,23,m,41,194,no_shakey_no shakey,109.4,shakey,7,25.2,26.7
448,23,m,41,194,no_shakey_no shakey,109.4,shakey,8,26,26.5
449,23,m,41,194,no_shakey_no shakey,109.4,shakey,9,27.5,29.6
450,23,m,41,194,no_shakey_no shakey,109.4,shakey,10,27.4,28.8
451,23,m,41,194,no_shakey_no shakey,109.6,noshakey,1,25.5,26.7
452,23,m,41,194,no_shakey_no shakey,109.6,noshakey,2,27.2,28.5
453,23,m,41,194,no_shakey_no shakey,109.6,noshakey,3,27.2,28.7
454,23,m,41,194,no_shakey_no shakey,109.6,noshakey,4,26.2,27.7
455,23,m,41,194,no_shakey_no shakey,109.6,noshakey,5,26.9,27.7
456,23,m,41,194,no_shakey_no shakey,109.6,noshakey,6,26,27.4
457,23,m,41,194,no_shakey_no shakey,109.6,noshakey,7,27,28.6
458,23,m,41,194,no_shakey_no shakey,109.6,noshakey,8,29.1,29.3
459,23,m,41,194,no_shakey_no shakey,109.6,noshakey,9,27.6,27.9
460,23,m,41,194,no_shakey_no shakey,109.6,noshakey,10,29,30
461,24,m,21,195,shakey_no_shakey,89.5,shakey,1,25.2,25
462,24,m,21,195,shakey_no_shakey,89.5,shakey,2,25.5,24.5
463,24,m,21,195,shakey_no_shakey,89.5,shakey,3,26.1,24.9
464,24,m,21,195,shakey_no_shakey,89.5,shakey,4,26,24.5
465,24,m,21,195,shakey_no_shakey,89.5,shakey,5,24.8,23.2
466,24,m,21,195,shakey_no_shakey,89.5,shakey,6,26.6,23.8
467,24,m,21,195,shakey_no_shakey,89.5,shakey,7,25,23.8
468,24,m,21,195,shakey_no_shakey,89.5,shakey,8,24.2,23.1
469,24,m,21,195,shakey_no_shakey,89.5,shakey,9,26.4,22.9
470,24,m,21,195,shakey_no_shakey,89.5,shakey,10,26.5,24.2
471,24,m,21,195,shakey_no_shakey,86.9,noshakey,1,25.1,20.9
472,24,m,21,195,shakey_no_shakey,86.9,noshakey,2,24.2,24.1
473,24,m,21,195,shakey_no_shakey,86.9,noshakey,3,26.4,25.6
474,24,m,21,195,shakey_no_shakey,86.9,noshakey,4,25.7,25
475,24,m,21,195,shakey_no_shakey,86.9,noshakey,5,22.2,22.1
476,24,m,21,195,shakey_no_shakey,86.9,noshakey,6,25.2,24.3
477,24,m,21,195,shakey_no_shakey,86.9,noshakey,7,24.9,23.7
478,24,m,21,195,shakey_no_shakey,86.9,noshakey,8,24.4,23.6
479,24,m,21,195,shakey_no_shakey,86.9,noshakey,9,25,23.9
480,24,m,21,195,shakey_no_shakey,86.9,noshakey,10,26.7,24.5
481,25,m,18,187,shakey_no_shakey,101.4,shakey,1,31,32.4
482,25,m,18,187,shakey_no_shakey,101.4,shakey,2,31.3,32.1
483,25,m,18,187,shakey_no_shakey,101.4,shakey,3,30.3,30.4
484,25,m,18,187,shakey_no_shakey,101.4,shakey,4,35.7,36.3
485,25,m,18,187,shakey_no_shakey,101.4,shakey,5,35.4,35.5
486,25,m,18,187,shakey_no_shakey,101.4,shakey,6,33.4,33.7
487,25,m,18,187,shakey_no_shakey,101.4,shakey,7,32.4,34.8
488,25,m,18,187,shakey_no_shakey,101.4,shakey,8,33.8,33.8
489,25,m,18,187,shakey_no_shakey,101.4,shakey,9,31.1,31.1
490,25,m,18,187,shakey_no_shakey,101.4,shakey,10,34.3,34.8
491,25,m,18,187,shakey_no_shakey,100.27,noshakey,1,29.8,29.6
492,25,m,18,187,shakey_no_shakey,100.27,noshakey,2,32,32.4
493,25,m,18,187,shakey_no_shakey,100.27,noshakey,3,29.6,28.4
494,25,m,18,187,shakey_no_shakey,100.27,noshakey,4,29.9,29.7
495,25,m,18,187,shakey_no_shakey,100.27,noshakey,5,31,30.4
496,25,m,18,187,shakey_no_shakey,100.27,noshakey,6,29.2,29.1
497,25,m,18,187,shakey_no_shakey,100.27,noshakey,7,30.2,31
498,25,m,18,187,shakey_no_shakey,100.27,noshakey,8,32,31.9
499,25,m,18,187,shakey_no_shakey,100.27,noshakey,9,29.8,30.3
500,25,m,18,187,shakey_no_shakey,100.27,noshakey,10,31.3,30.31111111
501,26,m,20,173,no_shakey_shakey,72.9,shakey,1,50.4,51.6
502,26,m,20,173,no_shakey_shakey,72.9,shakey,2,50.3,52.1
503,26,m,20,173,no_shakey_shakey,72.9,shakey,3,45.3,46.8
504,26,m,20,173,no_shakey_shakey,72.9,shakey,4,52.4,57.5
505,26,m,20,173,no_shakey_shakey,72.9,shakey,5,51.8,58.9
506,26,m,20,173,no_shakey_shakey,72.9,shakey,6,50.5,50.8
507,26,m,20,173,no_shakey_shakey,72.9,shakey,7,48.6,49.6
508,26,m,20,173,no_shakey_shakey,72.9,shakey,8,52.4,54.7
509,26,m,20,173,no_shakey_shakey,72.9,shakey,9,50.2,51
510,26,m,20,173,no_shakey_shakey,72.9,shakey,10,50.2,49.1
511,26,m,20,173,no_shakey_shakey,73.7,noshakey,1,49.9,49.7
512,26,m,20,173,no_shakey_shakey,73.7,noshakey,2,49.6,49
513,26,m,20,173,no_shakey_shakey,73.7,noshakey,3,49.4,52.3
514,26,m,20,173,no_shakey_shakey,73.7,noshakey,4,48.4,50.2
515,26,m,20,173,no_shakey_shakey,73.7,noshakey,5,48.9,49.1
516,26,m,20,173,no_shakey_shakey,73.7,noshakey,6,47.4,49.1
517,26,m,20,173,no_shakey_shakey,73.7,noshakey,7,50.5,50.7
518,26,m,20,173,no_shakey_shakey,73.7,noshakey,8,48.7,49.9
519,26,m,20,173,no_shakey_shakey,73.7,noshakey,9,47.7,47.3
520,26,m,20,173,no_shakey_shakey,73.7,noshakey,10,48.1,52
521,27,f,18,165,shakey_no_shakey,66,shakey,1,22,23.5
522,27,f,18,165,shakey_no_shakey,66,shakey,2,22.7,23.9
523,27,f,18,165,shakey_no_shakey,66,shakey,3,21.7,23.8
524,27,f,18,165,shakey_no_shakey,66,shakey,4,21.6,22.9
525,27,f,18,165,shakey_no_shakey,66,shakey,5,21.1,22.7
526,27,f,18,165,shakey_no_shakey,66,shakey,6,21.8,23.8
527,27,f,18,165,shakey_no_shakey,66,shakey,7,21.4,22
528,27,f,18,165,shakey_no_shakey,66,shakey,8,21.1,23.2
529,27,f,18,165,shakey_no_shakey,66,shakey,9,20.2,21.3
530,27,f,18,165,shakey_no_shakey,66,shakey,10,20.5,22.2
531,27,f,18,165,shakey_no_shakey,66.48,noshakey,1,21.1,24.1
532,27,f,18,165,shakey_no_shakey,66.48,noshakey,2,20.2,22.1
533,27,f,18,165,shakey_no_shakey,66.48,noshakey,3,20.9,22.5
534,27,f,18,165,shakey_no_shakey,66.48,noshakey,4,18.4,20.2
535,27,f,18,165,shakey_no_shakey,66.48,noshakey,5,20.1,22.1
536,27,f,18,165,shakey_no_shakey,66.48,noshakey,6,14.2,26.1
537,27,f,18,165,shakey_no_shakey,66.48,noshakey,7,19.3,20.3
538,27,f,18,165,shakey_no_shakey,66.48,noshakey,8,23.1,20.5
539,27,f,18,165,shakey_no_shakey,66.48,noshakey,9,20.1,21.5
540,27,f,18,165,shakey_no_shakey,66.48,noshakey,10,20.5,21.1
541,28,m,18,188,shakey_no_shakey,70.7,shakey,1,20.1,20.5
542,28,m,18,188,shakey_no_shakey,70.7,shakey,2,20,21.3
543,28,m,18,188,shakey_no_shakey,70.7,shakey,3,20.9,22.4
544,28,m,18,188,shakey_no_shakey,70.7,shakey,4,18.3,20.2
545,28,m,18,188,shakey_no_shakey,70.7,shakey,5,20.5,20
546,28,m,18,188,shakey_no_shakey,70.7,shakey,6,22.2,23.6
547,28,m,18,188,shakey_no_shakey,70.7,shakey,7,24,25.3
548,28,m,18,188,shakey_no_shakey,70.7,shakey,8,22.6,27.8
549,28,m,18,188,shakey_no_shakey,70.7,shakey,9,23.3,24.8
550,28,m,18,188,shakey_no_shakey,70.7,shakey,10,24,26.3
551,28,m,18,188,shakey_no_shakey,72,noshakey,1,22.6,23.5
552,28,m,18,188,shakey_no_shakey,72,noshakey,2,23.5,26.2
553,28,m,18,188,shakey_no_shakey,72,noshakey,3,23.2,26.5
554,28,m,18,188,shakey_no_shakey,72,noshakey,4,23.5,25.4
555,28,m,18,188,shakey_no_shakey,72,noshakey,5,23.9,25.4
556,28,m,18,188,shakey_no_shakey,72,noshakey,6,24.3,26.2
557,28,m,18,188,shakey_no_shakey,72,noshakey,7,22.3,24.4
558,28,m,18,188,shakey_no_shakey,72,noshakey,8,22.6,25.2
559,28,m,18,188,shakey_no_shakey,72,noshakey,9,25.4,28.6
560,28,m,18,188,shakey_no_shakey,72,noshakey,10,21.5,24.6
561,29,f,45,174.7,shakey_no_shakey,62.4,shakey,1,17,18.3
562,29,f,45,174.7,shakey_no_shakey,62.4,shakey,2,15.7,17.9
563,29,f,45,174.7,shakey_no_shakey,62.4,shakey,3,18.3,19.7
564,29,f,45,174.7,shakey_no_shakey,62.4,shakey,4,18.4,19.5
565,29,f,45,174.7,shakey_no_shakey,62.4,shakey,5,18.2,20.1
566,29,f,45,174.7,shakey_no_shakey,62.4,shakey,6,16,18.6
567,29,f,45,174.7,shakey_no_shakey,62.4,shakey,7,19.4,19.6
568,29,f,45,174.7,shakey_no_shakey,62.4,shakey,8,17.1,18.5
569,29,f,45,174.7,shakey_no_shakey,62.4,shakey,9,17.9,19.3
570,29,f,45,174.7,shakey_no_shakey,62.4,shakey,10,18.3,21
571,29,f,45,174.7,shakey_no_shakey,61.2,noshakey,1,17.5,17.2
572,29,f,45,174.7,shakey_no_shakey,61.2,noshakey,2,17,17
573,29,f,45,174.7,shakey_no_shakey,61.2,noshakey,3,16.5,17.8
574,29,f,45,174.7,shakey_no_shakey,61.2,noshakey,4,15.5,17.5
575,29,f,45,174.7,shakey_no_shakey,61.2,noshakey,5,16.4,18.5
576,29,f,45,174.7,shakey_no_shakey,61.2,noshakey,6,14.6,16.9
577,29,f,45,174.7,shakey_no_shakey,61.2,noshakey,7,12.8,15.1
578,29,f,45,174.7,shakey_no_shakey,61.2,noshakey,8,16.3,17.5
579,29,f,45,174.7,shakey_no_shakey,61.2,noshakey,9,16.9,19
580,29,f,45,174.7,shakey_no_shakey,61.2,noshakey,10,16.8,18.9
581,30,f,18,164,shakey_no_shakey,56.1,shakey,1,17.3,16.5
582,30,f,18,164,shakey_no_shakey,56.1,shakey,2,18.9,18.5
583,30,f,18,164,shakey_no_shakey,56.1,shakey,3,19.8,20
584,30,f,18,164,shakey_no_shakey,56.1,shakey,4,19.9,19.7
585,30,f,18,164,shakey_no_shakey,56.1,shakey,5,20.3,20.6
586,30,f,18,164,shakey_no_shakey,56.1,shakey,6,19.5,20.2
587,30,f,18,164,shakey_no_shakey,56.1,shakey,7,21,20.4
588,30,f,18,164,shakey_no_shakey,56.1,shakey,8,21.4,21.3
589,30,f,18,164,shakey_no_shakey,56.1,shakey,9,19.5,19.4
590,30,f,18,164,shakey_no_shakey,56.1,shakey,10,21.6,21.1
591,30,f,18,164,shakey_no_shakey,55.9,noshakey,1,15.1,14.5
592,30,f,18,164,shakey_no_shakey,55.9,noshakey,2,16,15.7
593,30,f,18,164,shakey_no_shakey,55.9,noshakey,3,16.2,15.4
594,30,f,18,164,shakey_no_shakey,55.9,noshakey,4,18.3,17.2
595,30,f,18,164,shakey_no_shakey,55.9,noshakey,5,18,17
596,30,f,18,164,shakey_no_shakey,55.9,noshakey,6,15.6,15
597,30,f,18,164,shakey_no_shakey,55.9,noshakey,7,18.4,17.7
598,30,f,18,164,shakey_no_shakey,55.9,noshakey,8,19.5,18.6
599,30,f,18,164,shakey_no_shakey,55.9,noshakey,9,19.2,18.8
600,30,f,18,164,shakey_no_shakey,55.9,noshakey,10,18.7,18.2
601,31,f,19,167,no_shakey_shakey,60.8,shakey,1,18.4,18.7
602,31,f,19,167,no_shakey_shakey,60.8,shakey,2,19.5,20.3
603,31,f,19,167,no_shakey_shakey,60.8,shakey,3,20.7,21.4
604,31,f,19,167,no_shakey_shakey,60.8,shakey,4,20.8,22.6
605,31,f,19,167,no_shakey_shakey,60.8,shakey,5,21.3,23
606,31,f,19,167,no_shakey_shakey,60.8,shakey,6,21.3,23.2
607,31,f,19,167,no_shakey_shakey,60.8,shakey,7,20.9,23.1
608,31,f,19,167,no_shakey_shakey,60.8,shakey,8,22,23.5
609,31,f,19,167,no_shakey_shakey,60.8,shakey,9,21.9,23.1
610,31,f,19,167,no_shakey_shakey,60.8,shakey,10,21.8,23
611,31,f,19,167,no_shakey_shakey,60.3,noshakey,1,21,21.4
612,31,f,19,167,no_shakey_shakey,60.3,noshakey,2,21.1,21.6
613,31,f,19,167,no_shakey_shakey,60.3,noshakey,3,22.8,21
614,31,f,19,167,no_shakey_shakey,60.3,noshakey,4,22.4,22.6
615,31,f,19,167,no_shakey_shakey,60.3,noshakey,5,23.7,22.9
616,31,f,19,167,no_shakey_shakey,60.3,noshakey,6,23.1,23.4
617,31,f,19,167,no_shakey_shakey,60.3,noshakey,7,22.7,22.7
618,31,f,19,167,no_shakey_shakey,60.3,noshakey,8,23,23.6
619,31,f,19,167,no_shakey_shakey,60.3,noshakey,9,23.1,22.1
620,31,f,19,167,no_shakey_shakey,60.3,noshakey,10,23,23.7
621,32,m,40,163,shakey_no_shakey,74.4,shakey,1,25.9,27.3
622,32,m,40,163,shakey_no_shakey,74.4,shakey,2,26.2,26.7
623,32,m,40,163,shakey_no_shakey,74.4,shakey,3,23.1,28.7
624,32,m,40,163,shakey_no_shakey,74.4,shakey,4,26.9,27.7
625,32,m,40,163,shakey_no_shakey,74.4,shakey,5,26.4,27.1
626,32,m,40,163,shakey_no_shakey,74.4,shakey,6,27.9,28
627,32,m,40,163,shakey_no_shakey,74.4,shakey,7,26.3,27.4
628,32,m,40,163,shakey_no_shakey,74.4,shakey,8,26.1,26.8
629,32,m,40,163,shakey_no_shakey,74.4,shakey,9,25.3,25.9
630,32,m,40,163,shakey_no_shakey,74.4,shakey,10,23.7,23.7
631,32,m,40,163,shakey_no_shakey,75.6,noshakey,1,23.2,24.1
632,32,m,40,163,shakey_no_shakey,75.6,noshakey,2,23.3,24.4
633,32,m,40,163,shakey_no_shakey,75.6,noshakey,3,23.4,23.5
634,32,m,40,163,shakey_no_shakey,75.6,noshakey,4,24.6,25
635,32,m,40,163,shakey_no_shakey,75.6,noshakey,5,22.6,24.7
636,32,m,40,163,shakey_no_shakey,75.6,noshakey,6,24,24.8
637,32,m,40,163,shakey_no_shakey,75.6,noshakey,7,22.2,23.5
638,32,m,40,163,shakey_no_shakey,75.6,noshakey,8,24.5,24.3
639,32,m,40,163,shakey_no_shakey,75.6,noshakey,9,23.1,24.1
640,32,m,40,163,shakey_no_shakey,75.6,noshakey,10,22,22.4
641,33,m,19,171.5,no_shakey_shakey,61.7,shakey,1,24.7,23.1
642,33,m,19,171.5,no_shakey_shakey,61.7,shakey,2,24.4,24.3
643,33,m,19,171.5,no_shakey_shakey,61.7,shakey,3,26,26.3
644,33,m,19,171.5,no_shakey_shakey,61.7,shakey,4,24.2,23.2
645,33,m,19,171.5,no_shakey_shakey,61.7,shakey,5,25.7,24.5
646,33,m,19,171.5,no_shakey_shakey,61.7,shakey,6,28.4,28
647,33,m,19,171.5,no_shakey_shakey,61.7,shakey,7,24.7,25.5
648,33,m,19,171.5,no_shakey_shakey,61.7,shakey,8,25.6,25.6
649,33,m,19,171.5,no_shakey_shakey,61.7,shakey,9,27.3,27.4
650,33,m,19,171.5,no_shakey_shakey,61.7,shakey,10,28.7,27.7
651,33,m,19,171.5,no_shakey_shakey,61.2,noshakey,1,26.9,26.1
652,33,m,19,171.5,no_shakey_shakey,61.2,noshakey,2,26.9,26.1
653,33,m,19,171.5,no_shakey_shakey,61.2,noshakey,3,25.7,24.9
654,33,m,19,171.5,no_shakey_shakey,61.2,noshakey,4,24.3,24.7
655,33,m,19,171.5,no_shakey_shakey,61.2,noshakey,5,27.4,27.5
656,33,m,19,171.5,no_shakey_shakey,61.2,noshakey,6,26.8,26.8
657,33,m,19,171.5,no_shakey_shakey,61.2,noshakey,7,26.9,27.5
658,33,m,19,171.5,no_shakey_shakey,61.2,noshakey,8,25.4,25.9
659,33,m,19,171.5,no_shakey_shakey,61.2,noshakey,9,24.1,25.2
660,33,m,19,171.5,no_shakey_shakey,61.2,noshakey,10,32.3,31.5
661,34,f,31,164,no_shakey_shakey,62.5,shakey,1,19.9,20.7
662,34,f,31,164,no_shakey_shakey,62.5,shakey,2,19.4,19.9
663,34,f,31,164,no_shakey_shakey,62.5,shakey,3,17.1,19.3
664,34,f,31,164,no_shakey_shakey,62.5,shakey,4,19.8,20.9
665,34,f,31,164,no_shakey_shakey,62.5,shakey,5,19.4,21
666,34,f,31,164,no_shakey_shakey,62.5,shakey,6,18.9,20.7
667,34,f,31,164,no_shakey_shakey,62.5,shakey,7,15.9,17.1
668,34,f,31,164,no_shakey_shakey,62.5,shakey,8,18.8,20.5
669,34,f,31,164,no_shakey_shakey,62.5,shakey,9,17.1,19.3
670,34,f,31,164,no_shakey_shakey,62.5,shakey,10,19.8,20.9
671,34,f,31,164,no_shakey_shakey,62.5,noshakey,1,18.4,19.6
672,34,f,31,164,no_shakey_shakey,62.5,noshakey,2,16.8,18.4
673,34,f,31,164,no_shakey_shakey,62.5,noshakey,3,16.7,19.6
674,34,f,31,164,no_shakey_shakey,62.5,noshakey,4,18.6,20
675,34,f,31,164,no_shakey_shakey,62.5,noshakey,5,18.1,20.7
676,34,f,31,164,no_shakey_shakey,62.5,noshakey,6,18.6,19.7
677,34,f,31,164,no_shakey_shakey,62.5,noshakey,7,17.5,19.9
678,34,f,31,164,no_shakey_shakey,62.5,noshakey,8,17.6,19.3
679,34,f,31,164,no_shakey_shakey,62.5,noshakey,9,18.4,20.3
680,34,f,31,164,no_shakey_shakey,62.5,noshakey,10,16.9,18.7
681,35,f,21,171.9,no_shakey_shakey,65.1,shakey,1,17.9,17.4
682,35,f,21,171.9,no_shakey_shakey,65.1,shakey,2,19.6,19.4
683,35,f,21,171.9,no_shakey_shakey,65.1,shakey,3,18.7,19.2
684,35,f,21,171.9,no_shakey_shakey,65.1,shakey,4,22.4,21.4
685,35,f,21,171.9,no_shakey_shakey,65.1,shakey,5,21.3,20
686,35,f,21,171.9,no_shakey_shakey,65.1,shakey,6,20.9,20.8
687,35,f,21,171.9,no_shakey_shakey,65.1,shakey,7,21.3,20.8
688,35,f,21,171.9,no_shakey_shakey,65.1,shakey,8,20.4,20.6
689,35,f,21,171.9,no_shakey_shakey,65.1,shakey,9,19.8,19.5
690,35,f,21,171.9,no_shakey_shakey,65.1,shakey,10,19.6,18.6
691,35,f,21,171.9,no_shakey_shakey,65.3,noshakey,1,19.7,18.8
692,35,f,21,171.9,no_shakey_shakey,65.3,noshakey,2,18.3,17.6
693,35,f,21,171.9,no_shakey_shakey,65.3,noshakey,3,16.6,15.2
694,35,f,21,171.9,no_shakey_shakey,65.3,noshakey,4,17.1,17.1
695,35,f,21,171.9,no_shakey_shakey,65.3,noshakey,5,14.5,15.9
696,35,f,21,171.9,no_shakey_shakey,65.3,noshakey,6,17.8,17.3
697,35,f,21,171.9,no_shakey_shakey,65.3,noshakey,7,17.5,16.6
698,35,f,21,171.9,no_shakey_shakey,65.3,noshakey,8,16.7,15.9
699,35,f,21,171.9,no_shakey_shakey,65.3,noshakey,9,16.9,16.5
700,35,f,21,171.9,no_shakey_shakey,65.3,noshakey,10,16.6,16.1
701,36,f,18,169,shakey_no_shakey,59.6,shakey,1,16.5,16
702,36,f,18,169,shakey_no_shakey,59.6,shakey,2,16.5,16.2
703,36,f,18,169,shakey_no_shakey,59.6,shakey,3,18.7,18.5
704,36,f,18,169,shakey_no_shakey,59.6,shakey,4,16.9,16.6
705,36,f,18,169,shakey_no_shakey,59.6,shakey,5,16.6,16.6
706,36,f,18,169,shakey_no_shakey,59.6,shakey,6,17.1,17.5
707,36,f,18,169,shakey_no_shakey,59.6,shakey,7,17.3,17.2
708,36,f,18,169,shakey_no_shakey,59.6,shakey,8,17.1,17.7
709,36,f,18,169,shakey_no_shakey,59.6,shakey,9,17.7,17.3
710,36,f,18,169,shakey_no_shakey,59.6,shakey,10,17.15555556,17.06666667
711,36,f,18,169,shakey_no_shakey,60.2,noshakey,1,18.3,18.1
712,36,f,18,169,shakey_no_shakey,60.2,noshakey,2,18.1,17.1
713,36,f,18,169,shakey_no_shakey,60.2,noshakey,3,18.3,17.8
714,36,f,18,169,shakey_no_shakey,60.2,noshakey,4,18.6,17.9
715,36,f,18,169,shakey_no_shakey,60.2,noshakey,5,16.8,16.3
716,36,f,18,169,shakey_no_shakey,60.2,noshakey,6,15.9,16.5
717,36,f,18,169,shakey_no_shakey,60.2,noshakey,7,17.2,17
718,36,f,18,169,shakey_no_shakey,60.2,noshakey,8,18.1,16.9
719,36,f,18,169,shakey_no_shakey,60.2,noshakey,9,16.9,16.9
720,36,f,18,169,shakey_no_shakey,60.2,noshakey,10,18.4,18.3
721,37,m,18,182.5,shakey_no_shakey,82.2,shakey,1,24.7,24.4
722,37,m,18,182.5,shakey_no_shakey,82.2,shakey,2,23,22.8
723,37,m,18,182.5,shakey_no_shakey,82.2,shakey,3,23.5,23.5
724,37,m,18,182.5,shakey_no_shakey,82.2,shakey,4,22.4,22.5
725,37,m,18,182.5,shakey_no_shakey,82.2,shakey,5,25.3,24.7
726,37,m,18,182.5,shakey_no_shakey,82.2,shakey,6,23.4,22.9
727,37,m,18,182.5,shakey_no_shakey,82.2,shakey,7,25,24.6
728,37,m,18,182.5,shakey_no_shakey,82.2,shakey,8,22.3,21.6
729,37,m,18,182.5,shakey_no_shakey,82.2,shakey,9,23.1,23.1
730,37,m,18,182.5,shakey_no_shakey,82.2,shakey,10,21.9,23
731,37,m,18,182.5,shakey_no_shakey,77.9,noshakey,1,25.5,21
732,37,m,18,182.5,shakey_no_shakey,77.9,noshakey,2,24.6,20.4
733,37,m,18,182.5,shakey_no_shakey,77.9,noshakey,3,25.5,21.1
734,37,m,18,182.5,shakey_no_shakey,77.9,noshakey,4,24.9,20.9
735,37,m,18,182.5,shakey_no_shakey,77.9,noshakey,5,25.9,20.9
736,37,m,18,182.5,shakey_no_shakey,77.9,noshakey,6,25,20.6
737,37,m,18,182.5,shakey_no_shakey,77.9,noshakey,7,24.4,19
738,37,m,18,182.5,shakey_no_shakey,77.9,noshakey,8,23.8,19
739,37,m,18,182.5,shakey_no_shakey,77.9,noshakey,9,26.5,21.6
740,37,m,18,182.5,shakey_no_shakey,77.9,noshakey,10,26.2,21.4
741,38,m,18,173,shakey_no_shakey,80.4,shakey,1,33,36.9
742,38,m,18,173,shakey_no_shakey,80.4,shakey,2,31.9,33.1
743,38,m,18,173,shakey_no_shakey,80.4,shakey,3,31.9,32.1
744,38,m,18,173,shakey_no_shakey,80.4,shakey,4,33,33
745,38,m,18,173,shakey_no_shakey,80.4,shakey,5,31.6,32.3
746,38,m,18,173,shakey_no_shakey,80.4,shakey,6,32.5,33.4
747,38,m,18,173,shakey_no_shakey,80.4,shakey,7,31.3,32.3
748,38,m,18,173,shakey_no_shakey,80.4,shakey,8,31.9,33.1
749,38,m,18,173,shakey_no_shakey,80.4,shakey,9,34.4,35.2
750,38,m,18,173,shakey_no_shakey,80.4,shakey,10,33.9,36.3
751,38,m,18,173,shakey_no_shakey,80.84,noshakey,1,30.4,34.4
752,38,m,18,173,shakey_no_shakey,80.84,noshakey,2,30.4,32.4
753,38,m,18,173,shakey_no_shakey,80.84,noshakey,3,32.7,34.2
754,38,m,18,173,shakey_no_shakey,80.84,noshakey,4,30.6,33.1
755,38,m,18,173,shakey_no_shakey,80.84,noshakey,5,31.2,33.7
756,38,m,18,173,shakey_no_shakey,80.84,noshakey,6,29.2,31.8
757,38,m,18,173,shakey_no_shakey,80.84,noshakey,7,29.6,32.4
758,38,m,18,173,shakey_no_shakey,80.84,noshakey,8,31,33.3
759,38,m,18,173,shakey_no_shakey,80.84,noshakey,9,31.8,33.8
760,38,m,18,173,shakey_no_shakey,80.84,noshakey,10,30,32
761,39,m,18,181,no_shakey_shakey,80.4,shakey,1,45.8,50.5
762,39,m,18,181,no_shakey_shakey,80.4,shakey,2,39,39.5
763,39,m,18,181,no_shakey_shakey,80.4,shakey,3,44.6,47.9
764,39,m,18,181,no_shakey_shakey,80.4,shakey,4,44.7,49.3
765,39,m,18,181,no_shakey_shakey,80.4,shakey,5,44.1,49.9
766,39,m,18,181,no_shakey_shakey,80.4,shakey,6,47.1,53.1
767,39,m,18,181,no_shakey_shakey,80.4,shakey,7,47.2,54
768,39,m,18,181,no_shakey_shakey,80.4,shakey,8,47.8,53.1
769,39,m,18,181,no_shakey_shakey,80.4,shakey,9,45.8,51.8
770,39,m,18,181,no_shakey_shakey,80.4,shakey,10,48.9,54
771,39,m,18,181,no_shakey_shakey,82.14,noshakey,1,42.3,47.9
772,39,m,18,181,no_shakey_shakey,82.14,noshakey,2,38.6,44.7
773,39,m,18,181,no_shakey_shakey,82.14,noshakey,3,40.9,45.9
774,39,m,18,181,no_shakey_shakey,82.14,noshakey,4,39.8,42.1
775,39,m,18,181,no_shakey_shakey,82.14,noshakey,5,40.7,41.4
776,39,m,18,181,no_shakey_shakey,82.14,noshakey,6,40.5,44.1
777,39,m,18,181,no_shakey_shakey,82.14,noshakey,7,38.1,44.3
778,39,m,18,181,no_shakey_shakey,82.14,noshakey,8,40,42.8
779,39,m,18,181,no_shakey_shakey,82.14,noshakey,9,35.1,38.6
780,39,m,18,181,no_shakey_shakey,82.14,noshakey,10,40.5,42.7
781,40,f,24,179,shakey_no_shakey,73.9,shakey,1,17.7,20
782,40,f,24,179,shakey_no_shakey,73.9,shakey,2,18.9,21.1
783,40,f,24,179,shakey_no_shakey,73.9,shakey,3,19,22.2
784,40,f,24,179,shakey_no_shakey,73.9,shakey,4,20.4,23.2
785,40,f,24,179,shakey_no_shakey,73.9,shakey,5,18.3,21.1
786,40,f,24,179,shakey_no_shakey,73.9,shakey,6,18,19.9
787,40,f,24,179,shakey_no_shakey,73.9,shakey,7,19.7,21.7
788,40,f,24,179,shakey_no_shakey,73.9,shakey,8,18.6,21.7
789,40,f,24,179,shakey_no_shakey,73.9,shakey,9,18.4,20.7
790,40,f,24,179,shakey_no_shakey,73.9,shakey,10,17.9,20.3
791,40,f,24,179,shakey_no_shakey,73.3,noshakey,1,19.4,21.7
792,40,f,24,179,shakey_no_shakey,73.3,noshakey,2,18.8,22.1
793,40,f,24,179,shakey_no_shakey,73.3,noshakey,3,18.5,21.8
794,40,f,24,179,shakey_no_shakey,73.3,noshakey,4,18,20.3
795,40,f,24,179,shakey_no_shakey,73.3,noshakey,5,18.4,20.6
796,40,f,24,179,shakey_no_shakey,73.3,noshakey,6,19.5,21
797,40,f,24,179,shakey_no_shakey,73.3,noshakey,7,18.8,19.9
798,40,f,24,179,shakey_no_shakey,73.3,noshakey,8,18.1,19.4
799,40,f,24,179,shakey_no_shakey,73.3,noshakey,9,19.3,21.2
800,40,f,24,179,shakey_no_shakey,73.3,noshakey,10,17.6,21.4
801,41,f,24,162,no_shakey_shakey,67.6,shakey,1,19.5,21.4
802,41,f,24,162,no_shakey_shakey,67.6,shakey,2,19.2,20.9
803,41,f,24,162,no_shakey_shakey,67.6,shakey,3,19.3,21.1
804,41,f,24,162,no_shakey_shakey,67.6,shakey,4,19.1,20.9
805,41,f,24,162,no_shakey_shakey,67.6,shakey,5,19.4,20.7
806,41,f,24,162,no_shakey_shakey,67.6,shakey,6,19.3,19.9
807,41,f,24,162,no_shakey_shakey,67.6,shakey,7,19.1,20.5
808,41,f,24,162,no_shakey_shakey,67.6,shakey,8,20.5,22.4
809,41,f,24,162,no_shakey_shakey,67.6,shakey,9,20.1,21.6
810,41,f,24,162,no_shakey_shakey,67.6,shakey,10,19.4,21
811,41,f,24,162,no_shakey_shakey,67.9,noshakey,1,16.5,18.1
812,41,f,24,162,no_shakey_shakey,67.9,noshakey,2,17.7,18.8
813,41,f,24,162,no_shakey_shakey,67.9,noshakey,3,16.9,18.1
814,41,f,24,162,no_shakey_shakey,67.9,noshakey,4,16,17.2
815,41,f,24,162,no_shakey_shakey,67.9,noshakey,5,17.2,18.6
816,41,f,24,162,no_shakey_shakey,67.9,noshakey,6,14.2,15.7
817,41,f,24,162,no_shakey_shakey,67.9,noshakey,7,16.9,18.6
818,41,f,24,162,no_shakey_shakey,67.9,noshakey,8,16.9,18.4
819,41,f,24,162,no_shakey_shakey,67.9,noshakey,9,22.9,19.6
820,41,f,24,162,no_shakey_shakey,67.9,noshakey,10,17.3,18.3
821,42,m,35,184,no_shakey_no shakey,91.4,shakey,1,23.4,24.1
822,42,m,35,184,no_shakey_no shakey,91.4,shakey,2,24.3,25.6
823,42,m,35,184,no_shakey_no shakey,91.4,shakey,3,24.9,27
824,42,m,35,184,no_shakey_no shakey,91.4,shakey,4,22.9,24.4
825,42,m,35,184,no_shakey_no shakey,91.4,shakey,5,25.2,27.3
826,42,m,35,184,no_shakey_no shakey,91.4,shakey,6,26.7,27.9
827,42,m,35,184,no_shakey_no shakey,91.4,shakey,7,25.3,27.1
828,42,m,35,184,no_shakey_no shakey,91.4,shakey,8,24.2,26.1
829,42,m,35,184,no_shakey_no shakey,91.4,shakey,9,25.5,26.4
830,42,m,35,184,no_shakey_no shakey,91.4,shakey,10,26,28.6
831,42,m,35,184,no_shakey_no shakey,93.4,noshakey,1,23.4,25.8
832,42,m,35,184,no_shakey_no shakey,93.4,noshakey,2,23.9,25.6
833,42,m,35,184,no_shakey_no shakey,93.4,noshakey,3,23.8,25.8
834,42,m,35,184,no_shakey_no shakey,93.4,noshakey,4,24.3,25.7
835,42,m,35,184,no_shakey_no shakey,93.4,noshakey,5,24.2,26.8
836,42,m,35,184,no_shakey_no shakey,93.4,noshakey,6,24.1,26.4
837,42,m,35,184,no_shakey_no shakey,93.4,noshakey,7,24.3,25.8
838,42,m,35,184,no_shakey_no shakey,93.4,noshakey,8,25.1,26.5
839,42,m,35,184,no_shakey_no shakey,93.4,noshakey,9,24.7,27.1
840,42,m,35,184,no_shakey_no shakey,93.4,noshakey,10,26,27.5
841,43,f,20,168.5,no_shakey_shakey,70.1,shakey,1,15.7,16.7
842,43,f,20,168.5,no_shakey_shakey,70.1,shakey,2,15.7,17
843,43,f,20,168.5,no_shakey_shakey,70.1,shakey,3,18.2,17.2
844,43,f,20,168.5,no_shakey_shakey,70.1,shakey,4,16.2,17
845,43,f,20,168.5,no_shakey_shakey,70.1,shakey,5,18,18.6
846,43,f,20,168.5,no_shakey_shakey,70.1,shakey,6,17.6,17.4
847,43,f,20,168.5,no_shakey_shakey,70.1,shakey,7,16.1,17.6
848,43,f,20,168.5,no_shakey_shakey,70.1,shakey,8,16.2,17.3
849,43,f,20,168.5,no_shakey_shakey,70.1,shakey,9,18.5,17.8
850,43,f,20,168.5,no_shakey_shakey,70.1,shakey,10,17.2,18.4
851,43,f,20,168.5,no_shakey_shakey,71.48,noshakey,1,15.6,15.9
852,43,f,20,168.5,no_shakey_shakey,71.48,noshakey,2,12.7,12.9
853,43,f,20,168.5,no_shakey_shakey,71.48,noshakey,3,11.2,11
854,43,f,20,168.5,no_shakey_shakey,71.48,noshakey,4,14.1,13.8
855,43,f,20,168.5,no_shakey_shakey,71.48,noshakey,5,13.2,13.1
856,43,f,20,168.5,no_shakey_shakey,71.48,noshakey,6,12.9,13.4
857,43,f,20,168.5,no_shakey_shakey,71.48,noshakey,7,12.8,12.5
858,43,f,20,168.5,no_shakey_shakey,71.48,noshakey,8,14.3,13.7
859,43,f,20,168.5,no_shakey_shakey,71.48,noshakey,9,11.9,11.9
860,43,f,20,168.5,no_shakey_shakey,71.48,noshakey,10,11.9,12
861,44,m,18,176,no_shakey_shakey,71,shakey,1,21.3,21.7
862,44,m,18,176,no_shakey_shakey,71,shakey,2,22.6,22.2
863,44,m,18,176,no_shakey_shakey,71,shakey,3,23.1,23.5
864,44,m,18,176,no_shakey_shakey,71,shakey,4,22.9,23.3
865,44,m,18,176,no_shakey_shakey,71,shakey,5,23.6,23.6
866,44,m,18,176,no_shakey_shakey,71,shakey,6,17.8,23.7
867,44,m,18,176,no_shakey_shakey,71,shakey,7,25.1,24.9
868,44,m,18,176,no_shakey_shakey,71,shakey,8,23.6,24.3
869,44,m,18,176,no_shakey_shakey,71,shakey,9,23.4,23.2
870,44,m,18,176,no_shakey_shakey,71,shakey,10,25.3,24.6
871,44,m,18,176,no_shakey_shakey,71.4,noshakey,1,19.7,19.6
872,44,m,18,176,no_shakey_shakey,71.4,noshakey,2,24.1,23.8
873,44,m,18,176,no_shakey_shakey,71.4,noshakey,3,24.4,23.1
874,44,m,18,176,no_shakey_shakey,71.4,noshakey,4,23.5,23
875,44,m,18,176,no_shakey_shakey,71.4,noshakey,5,24.7,23.4
876,44,m,18,176,no_shakey_shakey,71.4,noshakey,6,22.7,22.6
877,44,m,18,176,no_shakey_shakey,71.4,noshakey,7,21.9,21.9
878,44,m,18,176,no_shakey_shakey,71.4,noshakey,8,25.8,25.3
879,44,m,18,176,no_shakey_shakey,71.4,noshakey,9,24.7,24.6
880,44,m,18,176,no_shakey_shakey,71.4,noshakey,10,25.8,25.3
881,45,m,18,186.2,shakey_no_shakey,88.1,shakey,1,31,31.1
882,45,m,18,186.2,shakey_no_shakey,88.1,shakey,2,29.4,28.1
883,45,m,18,186.2,shakey_no_shakey,88.1,shakey,3,28.3,27.3
884,45,m,18,186.2,shakey_no_shakey,88.1,shakey,4,28,26.8
885,45,m,18,186.2,shakey_no_shakey,88.1,shakey,5,29,29.6
886,45,m,18,186.2,shakey_no_shakey,88.1,shakey,6,27.2,28.1
887,45,m,18,186.2,shakey_no_shakey,88.1,shakey,7,29.1,29.2
888,45,m,18,186.2,shakey_no_shakey,88.1,shakey,8,28.2,28.7
889,45,m,18,186.2,shakey_no_shakey,88.1,shakey,9,28.6,28.2
890,45,m,18,186.2,shakey_no_shakey,88.1,shakey,10,27.9,28.4
891,45,m,18,186.2,shakey_no_shakey,87.6,noshakey,1,29.1,28.4
892,45,m,18,186.2,shakey_no_shakey,87.6,noshakey,2,29.2,29
893,45,m,18,186.2,shakey_no_shakey,87.6,noshakey,3,31.2,31.1
894,45,m,18,186.2,shakey_no_shakey,87.6,noshakey,4,28.6,28.7
895,45,m,18,186.2,shakey_no_shakey,87.6,noshakey,5,31,30.4
896,45,m,18,186.2,shakey_no_shakey,87.6,noshakey,6,30.2,30.2
897,45,m,18,186.2,shakey_no_shakey,87.6,noshakey,7,30.7,29.6
898,45,m,18,186.2,shakey_no_shakey,87.6,noshakey,8,30.4,30.6
899,45,m,18,186.2,shakey_no_shakey,87.6,noshakey,9,29.8,29.4
900,45,m,18,186.2,shakey_no_shakey,87.6,noshakey,10,29.6,28.7
901,46,m,20,166.8,no_shakey_shakey,64.3,shakey,1,27.8,28
902,46,m,20,166.8,no_shakey_shakey,64.3,shakey,2,32.9,35.2
903,46,m,20,166.8,no_shakey_shakey,64.3,shakey,3,35.1,41.1
904,46,m,20,166.8,no_shakey_shakey,64.3,shakey,4,35.9,37.9
905,46,m,20,166.8,no_shakey_shakey,64.3,shakey,5,35.1,40.4
906,46,m,20,166.8,no_shakey_shakey,64.3,shakey,6,36.4,42.5
907,46,m,20,166.8,no_shakey_shakey,64.3,shakey,7,35.5,40
908,46,m,20,166.8,no_shakey_shakey,64.3,shakey,8,31.8,37.4
909,46,m,20,166.8,no_shakey_shakey,64.3,shakey,9,36.8,39.3
910,46,m,20,166.8,no_shakey_shakey,64.3,shakey,10,33.1,38.4
911,46,m,20,166.8,no_shakey_shakey,64.3,noshakey,1,26.2,26.6
912,46,m,20,166.8,no_shakey_shakey,64.3,noshakey,2,36,36
913,46,m,20,166.8,no_shakey_shakey,64.3,noshakey,3,36.7,37.2
914,46,m,20,166.8,no_shakey_shakey,64.3,noshakey,4,38.8,39.4
915,46,m,20,166.8,no_shakey_shakey,64.3,noshakey,5,38.5,38.7
916,46,m,20,166.8,no_shakey_shakey,64.3,noshakey,6,37.7,38.2
917,46,m,20,166.8,no_shakey_shakey,64.3,noshakey,7,36.1,37.8
918,46,m,20,166.8,no_shakey_shakey,64.3,noshakey,8,36.4,38.4
919,46,m,20,166.8,no_shakey_shakey,64.3,noshakey,9,37.2,39.3
920,46,m,20,166.8,no_shakey_shakey,64.3,noshakey,10,39.1,41.1
921,47,f,19,159,no_shakey_shakey,66.4,shakey,1,23.4,24.1
922,47,f,19,159,no_shakey_shakey,66.4,shakey,2,20.6,22.8
923,47,f,19,159,no_shakey_shakey,66.4,shakey,3,23.6,23.3
924,47,f,19,159,no_shakey_shakey,66.4,shakey,4,22.8,23.6
925,47,f,19,159,no_shakey_shakey,66.4,shakey,5,25.4,25.2
926,47,f,19,159,no_shakey_shakey,66.4,shakey,6,21.2,23
927,47,f,19,159,no_shakey_shakey,66.4,shakey,7,24,24.5
928,47,f,19,159,no_shakey_shakey,66.4,shakey,8,24.6,24.6
929,47,f,19,159,no_shakey_shakey,66.4,shakey,9,23,23.7
930,47,f,19,159,no_shakey_shakey,66.4,shakey,10,25.6,26.1
931,47,f,19,159,no_shakey_shakey,65.5,noshakey,1,18.5,17.2
932,47,f,19,159,no_shakey_shakey,65.5,noshakey,2,18.9,18.5
933,47,f,19,159,no_shakey_shakey,65.5,noshakey,3,19.5,20
934,47,f,19,159,no_shakey_shakey,65.5,noshakey,4,19.9,19.6
935,47,f,19,159,no_shakey_shakey,65.5,noshakey,5,23,22.9
936,47,f,19,159,no_shakey_shakey,65.5,noshakey,6,24.2,23.5
937,47,f,19,159,no_shakey_shakey,65.5,noshakey,7,19.5,19.2
938,47,f,19,159,no_shakey_shakey,65.5,noshakey,8,24.6,24.1
939,47,f,19,159,no_shakey_shakey,65.5,noshakey,9,23.4,22.8
940,47,f,19,159,no_shakey_shakey,65.5,noshakey,10,24.8,25.2
941,48,f,29,167,shakey_no_shakey,81.2,shakey,1,16.9,16.8
942,48,f,29,167,shakey_no_shakey,81.2,shakey,2,15.4,15.8
943,48,f,29,167,shakey_no_shakey,81.2,shakey,3,15.6,16
944,48,f,29,167,shakey_no_shakey,81.2,shakey,4,16.4,16.6
945,48,f,29,167,shakey_no_shakey,81.2,shakey,5,16.6,16.6
946,48,f,29,167,shakey_no_shakey,81.2,shakey,6,16.8,17.1
947,48,f,29,167,shakey_no_shakey,81.2,shakey,7,16.8,17.1
948,48,f,29,167,shakey_no_shakey,81.2,shakey,8,18.2,18.4
949,48,f,29,167,shakey_no_shakey,81.2,shakey,9,19,18.9
950,48,f,29,167,shakey_no_shakey,81.2,shakey,10,17.6,18
951,48,f,29,167,shakey_no_shakey,80.8,noshakey,1,16.8,16.7
952,48,f,29,167,shakey_no_shakey,80.8,noshakey,2,15.6,15.7
953,48,f,29,167,shakey_no_shakey,80.8,noshakey,3,15,15.4
954,48,f,29,167,shakey_no_shakey,80.8,noshakey,4,15,15.5
955,48,f,29,167,shakey_no_shakey,80.8,noshakey,5,14.7,14.7
956,48,f,29,167,shakey_no_shakey,80.8,noshakey,6,13.8,13.3
957,48,f,29,167,shakey_no_shakey,80.8,noshakey,7,13.1,13.1
958,48,f,29,167,shakey_no_shakey,80.8,noshakey,8,14.5,14.4
959,48,f,29,167,shakey_no_shakey,80.8,noshakey,9,13.2,12.8
960,48,f,29,167,shakey_no_shakey,80.8,noshakey,10,14.1,13.9
961,49,f,20,162.6,shakey_no_shakey,57.9,shakey,1,16.2,16.2
962,49,f,20,162.6,shakey_no_shakey,57.9,shakey,2,18.2,18
963,49,f,20,162.6,shakey_no_shakey,57.9,shakey,3,18.8,18.5
964,49,f,20,162.6,shakey_no_shakey,57.9,shakey,4,19,17.3
965,49,f,20,162.6,shakey_no_shakey,57.9,shakey,5,20,18.9
966,49,f,20,162.6,shakey_no_shakey,57.9,shakey,6,18.9,19.1
967,49,f,20,162.6,shakey_no_shakey,57.9,shakey,7,18.6,18.6
968,49,f,20,162.6,shakey_no_shakey,57.9,shakey,8,17,16.8
969,49,f,20,162.6,shakey_no_shakey,57.9,shakey,9,18.4,17.7
970,49,f,20,162.6,shakey_no_shakey,57.9,shakey,10,17.8,18.8
971,49,f,20,162.6,shakey_no_shakey,57.2,noshakey,1,18.2,17.7
972,49,f,20,162.6,shakey_no_shakey,57.2,noshakey,2,17.3,17.1
973,49,f,20,162.6,shakey_no_shakey,57.2,noshakey,3,19.2,18.5
974,49,f,20,162.6,shakey_no_shakey,57.2,noshakey,4,19,18.7
975,49,f,20,162.6,shakey_no_shakey,57.2,noshakey,5,18.5,18.5
976,49,f,20,162.6,shakey_no_shakey,57.2,noshakey,6,18.8,17.8
977,49,f,20,162.6,shakey_no_shakey,57.2,noshakey,7,19.1,17.8
978,49,f,20,162.6,shakey_no_shakey,57.2,noshakey,8,17.6,16.6
979,49,f,20,162.6,shakey_no_shakey,57.2,noshakey,9,19.7,19
980,49,f,20,162.6,shakey_no_shakey,57.2,noshakey,10,17.7,17
981,50,m,18,194,no_shakey_shakey,82.2,shakey,1,17.4,17.7
982,50,m,18,194,no_shakey_shakey,82.2,shakey,2,17.3,16.6
983,50,m,18,194,no_shakey_shakey,82.2,shakey,3,17.4,16.3
984,50,m,18,194,no_shakey_shakey,82.2,shakey,4,17.8,17.6
985,50,m,18,194,no_shakey_shakey,82.2,shakey,5,17.8,17.9
986,50,m,18,194,no_shakey_shakey,82.2,shakey,6,17.8,18.6
987,50,m,18,194,no_shakey_shakey,82.2,shakey,7,19.5,18.9
988,50,m,18,194,no_shakey_shakey,82.2,shakey,8,20.9,20.3
989,50,m,18,194,no_shakey_shakey,82.2,shakey,9,21.1,19.2
990,50,m,18,194,no_shakey_shakey,82.2,shakey,10,18.7,19.6
991,50,m,18,194,no_shakey_shakey,82.03,noshakey,1,12.6,12.2
992,50,m,18,194,no_shakey_shakey,82.03,noshakey,2,11.9,11.3
993,50,m,18,194,no_shakey_shakey,82.03,noshakey,3,13.6,13.8
994,50,m,18,194,no_shakey_shakey,82.03,noshakey,4,11.6,11.6
995,50,m,18,194,no_shakey_shakey,82.03,noshakey,5,14.8,15.1
996,50,m,18,194,no_shakey_shakey,82.03,noshakey,6,14.8,14.9
997,50,m,18,194,no_shakey_shakey,82.03,noshakey,7,14.6,14.3
998,50,m,18,194,no_shakey_shakey,82.03,noshakey,8,17.3,16.8
999,50,m,18,194,no_shakey_shakey,82.03,noshakey,9,14.4,14.3
1000,50,m,18,194,no_shakey_shakey,82.03,noshakey,10,18,18.6
1001,51,f,18,171.5,shakey_no_shakey,58.8,shakey,1,16.5,17.4
1002,51,f,18,171.5,shakey_no_shakey,58.8,shakey,2,17.3,17.1
1003,51,f,18,171.5,shakey_no_shakey,58.8,shakey,3,20.2,22
1004,51,f,18,171.5,shakey_no_shakey,58.8,shakey,4,18.2,18.7
1005,51,f,18,171.5,shakey_no_shakey,58.8,shakey,5,17.5,18
1006,51,f,18,171.5,shakey_no_shakey,58.8,shakey,6,17.6,19
1007,51,f,18,171.5,shakey_no_shakey,58.8,shakey,7,20.7,20.5
1008,51,f,18,171.5,shakey_no_shakey,58.8,shakey,8,17.4,18.1
1009,51,f,18,171.5,shakey_no_shakey,58.8,shakey,9,18.4,18.4
1010,51,f,18,171.5,shakey_no_shakey,58.8,shakey,10,20,20.9
1011,51,f,18,171.5,shakey_no_shakey,59.1,noshakey,1,20.8,21.6
1012,51,f,18,171.5,shakey_no_shakey,59.1,noshakey,2,22.7,22.8
1013,51,f,18,171.5,shakey_no_shakey,59.1,noshakey,3,21.8,21.8
1014,51,f,18,171.5,shakey_no_shakey,59.1,noshakey,4,20,20.4
1015,51,f,18,171.5,shakey_no_shakey,59.1,noshakey,5,19.3,20
1016,51,f,18,171.5,shakey_no_shakey,59.1,noshakey,6,19.4,18.4
1017,51,f,18,171.5,shakey_no_shakey,59.1,noshakey,7,16.7,16.7
1018,51,f,18,171.5,shakey_no_shakey,59.1,noshakey,8,19.3,19.3
1019,51,f,18,171.5,shakey_no_shakey,59.1,noshakey,9,19.9,19.2
1020,51,f,18,171.5,shakey_no_shakey,59.1,noshakey,10,18.7,18.7
1021,52,m,20,198,no_shakey_shakey,78.8,shakey,1,25,26.3
1022,52,m,20,198,no_shakey_shakey,78.8,shakey,2,26,26.2
1023,52,m,20,198,no_shakey_shakey,78.8,shakey,3,25.9,25.7
1024,52,m,20,198,no_shakey_shakey,78.8,shakey,4,25.7,26.7
1025,52,m,20,198,no_shakey_shakey,78.8,shakey,5,24.7,25.5
1026,52,m,20,198,no_shakey_shakey,78.8,shakey,6,22,22.6
1027,52,m,20,198,no_shakey_shakey,78.8,shakey,7,26.3,27.4
1028,52,m,20,198,no_shakey_shakey,78.8,shakey,8,26.8,25.8
1029,52,m,20,198,no_shakey_shakey,78.8,shakey,9,24.7,24.9
1030,52,m,20,198,no_shakey_shakey,78.8,shakey,10,26,26.7
1031,52,m,20,198,no_shakey_shakey,78.5,noshakey,1,24.3,25
1032,52,m,20,198,no_shakey_shakey,78.5,noshakey,2,23.4,23.9
1033,52,m,20,198,no_shakey_shakey,78.5,noshakey,3,24.9,24.9
1034,52,m,20,198,no_shakey_shakey,78.5,noshakey,4,23.6,24.7
1035,52,m,20,198,no_shakey_shakey,78.5,noshakey,5,27,27.9
1036,52,m,20,198,no_shakey_shakey,78.5,noshakey,6,24.4,26.1
1037,52,m,20,198,no_shakey_shakey,78.5,noshakey,7,25.8,26.1
1038,52,m,20,198,no_shakey_shakey,78.5,noshakey,8,23.5,24.6
1039,52,m,20,198,no_shakey_shakey,78.5,noshakey,9,25.2,26.7
1040,52,m,20,198,no_shakey_shakey,78.5,noshakey,10,23.3,24.4
1041,53,m,27,178,shakey_no_shakey,73.7,shakey,1,27.2,28.1
1042,53,m,27,178,shakey_no_shakey,73.7,shakey,2,29,30.3
1043,53,m,27,178,shakey_no_shakey,73.7,shakey,3,29.5,32.5
1044,53,m,27,178,shakey_no_shakey,73.7,shakey,4,29,33.8
1045,53,m,27,178,shakey_no_shakey,73.7,shakey,5,28.6,31.6
1046,53,m,27,178,shakey_no_shakey,73.7,shakey,6,31.1,34
1047,53,m,27,178,shakey_no_shakey,73.7,shakey,7,29.8,32.4
1048,53,m,27,178,shakey_no_shakey,73.7,shakey,8,27,30.6
1049,53,m,27,178,shakey_no_shakey,73.7,shakey,9,27.5,31.4
1050,53,m,27,178,shakey_no_shakey,73.7,shakey,10,31.8,34.6
1051,53,m,27,178,shakey_no_shakey,75,noshakey,1,19.7,21.6
1052,53,m,27,178,shakey_no_shakey,75,noshakey,2,16,24.1
1053,53,m,27,178,shakey_no_shakey,75,noshakey,3,25.2,26.1
1054,53,m,27,178,shakey_no_shakey,75,noshakey,4,23.8,25.5
1055,53,m,27,178,shakey_no_shakey,75,noshakey,5,23.9,28.5
1056,53,m,27,178,shakey_no_shakey,75,noshakey,6,22.9,27.2
1057,53,m,27,178,shakey_no_shakey,75,noshakey,7,27.8,30.5
1058,53,m,27,178,shakey_no_shakey,75,noshakey,8,26,30.8
1059,53,m,27,178,shakey_no_shakey,75,noshakey,9,24.5,26.4
1060,53,m,27,178,shakey_no_shakey,75,noshakey,10,25.7,30.5
1061,54,m,24,173,no_shakey_no shakey,67.3,shakey,1,26.3,26.7
1062,54,m,24,173,no_shakey_no shakey,67.3,shakey,2,26.8,27.5
1063,54,m,24,173,no_shakey_no shakey,67.3,shakey,3,25.9,27.1
1064,54,m,24,173,no_shakey_no shakey,67.3,shakey,4,27.6,27.8
1065,54,m,24,173,no_shakey_no shakey,67.3,shakey,5,29.4,29.7
1066,54,m,24,173,no_shakey_no shakey,67.3,shakey,6,28.4,29.2
1067,54,m,24,173,no_shakey_no shakey,67.3,shakey,7,28.5,29.4
1068,54,m,24,173,no_shakey_no shakey,67.3,shakey,8,30.7,32
1069,54,m,24,173,no_shakey_no shakey,67.3,shakey,9,29.8,31
1070,54,m,24,173,no_shakey_no shakey,67.3,shakey,10,31.1,31.6
1071,54,m,24,173,no_shakey_no shakey,68.3,noshakey,1,28.4,28.6
1072,54,m,24,173,no_shakey_no shakey,68.3,noshakey,2,29.5,29.9
1073,54,m,24,173,no_shakey_no shakey,68.3,noshakey,3,30.5,31
1074,54,m,24,173,no_shakey_no shakey,68.3,noshakey,4,30.3,30.9
1075,54,m,24,173,no_shakey_no shakey,68.3,noshakey,5,31.7,31.9
1076,54,m,24,173,no_shakey_no shakey,68.3,noshakey,6,29.2,29.1
1077,54,m,24,173,no_shakey_no shakey,68.3,noshakey,7,28.8,30
1078,54,m,24,173,no_shakey_no shakey,68.3,noshakey,8,28.7,29.8
1079,54,m,24,173,no_shakey_no shakey,68.3,noshakey,9,29.9,30.5
1080,54,m,24,173,no_shakey_no shakey,68.3,noshakey,10,30.9,32
1081,55,m,21,186,no_shakey_shakey,72.9,shakey,1,28.6,32.3
1082,55,m,21,186,no_shakey_shakey,72.9,shakey,2,31,36.1
1083,55,m,21,186,no_shakey_shakey,72.9,shakey,3,29.3,34.2
1084,55,m,21,186,no_shakey_shakey,72.9,shakey,4,31.2,36.4
1085,55,m,21,186,no_shakey_shakey,72.9,shakey,5,30.6,36.4
1086,55,m,21,186,no_shakey_shakey,72.9,shakey,6,30.6,36.7
1087,55,m,21,186,no_shakey_shakey,72.9,shakey,7,28.2,35.1
1088,55,m,21,186,no_shakey_shakey,72.9,shakey,8,30.6,35.6
1089,55,m,21,186,no_shakey_shakey,72.9,shakey,9,29,35.2
1090,55,m,21,186,no_shakey_shakey,72.9,shakey,10,32.7,39.8
1091,55,m,21,186,no_shakey_shakey,73.2,noshakey,1,25.2,28.6
1092,55,m,21,186,no_shakey_shakey,73.2,noshakey,2,29.1,33
1093,55,m,21,186,no_shakey_shakey,73.2,noshakey,3,28.8,34
1094,55,m,21,186,no_shakey_shakey,73.2,noshakey,4,28.2,31.4
1095,55,m,21,186,no_shakey_shakey,73.2,noshakey,5,28.7,33.4
1096,55,m,21,186,no_shakey_shakey,73.2,noshakey,6,30.7,37.5
1097,55,m,21,186,no_shakey_shakey,73.2,noshakey,7,27.9,33.8
1098,55,m,21,186,no_shakey_shakey,73.2,noshakey,8,29.4,37.6
1099,55,m,21,186,no_shakey_shakey,73.2,noshakey,9,28.8,33.8
1100,55,m,21,186,no_shakey_shakey,73.2,noshakey,10,30.1,35.1
1101,56,f,38,154,shakey_no_shakey,53.1,shakey,1,17.8,18.7
1102,56,f,38,154,shakey_no_shakey,53.1,shakey,2,17.8,18.5
1103,56,f,38,154,shakey_no_shakey,53.1,shakey,3,17.4,18.4
1104,56,f,38,154,shakey_no_shakey,53.1,shakey,4,18.4,18.3
1105,56,f,38,154,shakey_no_shakey,53.1,shakey,5,17.1,17.2
1106,56,f,38,154,shakey_no_shakey,53.1,shakey,6,18.5,18.5
1107,56,f,38,154,shakey_no_shakey,53.1,shakey,7,18.9,19
1108,56,f,38,154,shakey_no_shakey,53.1,shakey,8,17.6,17.6
1109,56,f,38,154,shakey_no_shakey,53.1,shakey,9,19.1,18.9
1110,56,f,38,154,shakey_no_shakey,53.1,shakey,10,19.2,19.4
1111,56,f,38,154,shakey_no_shakey,51.8,noshakey,1,18.5,18.7
1112,56,f,38,154,shakey_no_shakey,51.8,noshakey,2,18.8,19.4
1113,56,f,38,154,shakey_no_shakey,51.8,noshakey,3,19.5,20
1114,56,f,38,154,shakey_no_shakey,51.8,noshakey,4,19.6,20.3
1115,56,f,38,154,shakey_no_shakey,51.8,noshakey,5,19,19.4
1116,56,f,38,154,shakey_no_shakey,51.8,noshakey,6,17.7,18.3
1117,56,f,38,154,shakey_no_shakey,51.8,noshakey,7,18.3,19
1118,56,f,38,154,shakey_no_shakey,51.8,noshakey,8,18.7,19.5
1119,56,f,38,154,shakey_no_shakey,51.8,noshakey,9,19.3,19.4
1120,56,f,38,154,shakey_no_shakey,51.8,noshakey,10,20,20.5